
> angular@0.0.0 start
> ng serve --host 0.0.0.0  --no-hmr --disable-host-check --port 3000

Warning: Running a server with --disable-host-check is a security risk. See https://medium.com/webpack/webpack-dev-server-middleware-security-issues-1489d950874a for more information.
The "disableHostCheck" option will not be used because it is not supported by the "@angular-devkit/build-angular:application" builder.
❯ Building...
✔ Building...
Browser bundles     
Initial chunk files  | Names            |  Raw size
polyfills.js         | polyfills        |  90.20 kB | 
main.js              | main             |  22.59 kB | 
styles.css           | styles           |  95 bytes | 

                     | Initial total    | 112.88 kB


Server bundles      
Initial chunk files  | Names            |  Raw size
polyfills.server.mjs | polyfills.server | 572.91 kB | 
chunk-6XEG6CM6.mjs   | -                |  23.02 kB | 
server.mjs           | server           |   1.39 kB | 
main.server.mjs      | main.server      | 800 bytes | 

Application bundle generation complete. [2.097 seconds]

Watch mode enabled. Watching for file changes...
NOTE: Raw file sizes do not reflect development server per-request transformations.
  ➜  Local:   http://localhost:3000/
  ➜  Network: http://172.17.0.2:3000/
❯ Changes detected. Rebuilding...
✔ Changes detected. Rebuilding...
Application bundle generation failed. [0.318 seconds]

✘ [ERROR] Could not resolve "./dashboard.component"

    src/app/app.routes.ts:1:35:
      1 │ import { DashboardComponent } from './dashboard.component';
        ╵                                    ~~~~~~~~~~~~~~~~~~~~~~~


✘ [ERROR] Could not resolve "./expenses.component"

    src/app/app.routes.ts:2:34:
      2 │ import { ExpensesComponent } from './expenses.component';
        ╵                                   ~~~~~~~~~~~~~~~~~~~~~~


✘ [ERROR] TS2307: Cannot find module './dashboard.component' or its corresponding type declarations. [plugin angular-compiler]

    src/app/app.routes.ts:2:35:
      2 │ import { DashboardComponent } from './dashboard.component';
        ╵                                    ~~~~~~~~~~~~~~~~~~~~~~~


✘ [ERROR] TS2307: Cannot find module './expenses.component' or its corresponding type declarations. [plugin angular-compiler]

    src/app/app.routes.ts:3:34:
      3 │ import { ExpensesComponent } from './expenses.component';
        ╵                                   ~~~~~~~~~~~~~~~~~~~~~~


✘ [ERROR] Could not resolve "./categories.component"

    src/app/app.routes.ts:3:36:
      3 │ import { CategoriesComponent } from './categories.component';
        ╵                                     ~~~~~~~~~~~~~~~~~~~~~~~~


✘ [ERROR] TS2307: Cannot find module './categories.component' or its corresponding type declarations. [plugin angular-compiler]

    src/app/app.routes.ts:4:36:
      4 │ import { CategoriesComponent } from './categories.component';
        ╵                                     ~~~~~~~~~~~~~~~~~~~~~~~~


✘ [ERROR] Could not resolve "./dashboard.component"

    src/app/app.routes.ts:1:35:
      1 │ import { DashboardComponent } from './dashboard.component';
        ╵                                    ~~~~~~~~~~~~~~~~~~~~~~~


✘ [ERROR] Could not resolve "./expenses.component"

    src/app/app.routes.ts:2:34:
      2 │ import { ExpensesComponent } from './expenses.component';
        ╵                                   ~~~~~~~~~~~~~~~~~~~~~~


✘ [ERROR] Could not resolve "./categories.component"

    src/app/app.routes.ts:3:36:
      3 │ import { CategoriesComponent } from './categories.component';
        ╵                                     ~~~~~~~~~~~~~~~~~~~~~~~~


❯ Changes detected. Rebuilding...
✔ Changes detected. Rebuilding...
Application bundle generation failed. [0.006 seconds]

✘ [ERROR] Could not resolve "./dashboard.component"

    src/app/app.routes.ts:1:35:
      1 │ import { DashboardComponent } from './dashboard.component';
        ╵                                    ~~~~~~~~~~~~~~~~~~~~~~~


✘ [ERROR] Could not resolve "./expenses.component"

    src/app/app.routes.ts:2:34:
      2 │ import { ExpensesComponent } from './expenses.component';
        ╵                                   ~~~~~~~~~~~~~~~~~~~~~~


✘ [ERROR] TS2307: Cannot find module './dashboard.component' or its corresponding type declarations. [plugin angular-compiler]

    src/app/app.routes.ts:2:35:
      2 │ import { DashboardComponent } from './dashboard.component';
        ╵                                    ~~~~~~~~~~~~~~~~~~~~~~~


✘ [ERROR] TS2307: Cannot find module './expenses.component' or its corresponding type declarations. [plugin angular-compiler]

    src/app/app.routes.ts:3:34:
      3 │ import { ExpensesComponent } from './expenses.component';
        ╵                                   ~~~~~~~~~~~~~~~~~~~~~~


✘ [ERROR] Could not resolve "./categories.component"

    src/app/app.routes.ts:3:36:
      3 │ import { CategoriesComponent } from './categories.component';
        ╵                                     ~~~~~~~~~~~~~~~~~~~~~~~~


✘ [ERROR] TS2307: Cannot find module './categories.component' or its corresponding type declarations. [plugin angular-compiler]

    src/app/app.routes.ts:4:36:
      4 │ import { CategoriesComponent } from './categories.component';
        ╵                                     ~~~~~~~~~~~~~~~~~~~~~~~~


✘ [ERROR] Could not resolve "./dashboard.component"

    src/app/app.routes.ts:1:35:
      1 │ import { DashboardComponent } from './dashboard.component';
        ╵                                    ~~~~~~~~~~~~~~~~~~~~~~~


✘ [ERROR] Could not resolve "./expenses.component"

    src/app/app.routes.ts:2:34:
      2 │ import { ExpensesComponent } from './expenses.component';
        ╵                                   ~~~~~~~~~~~~~~~~~~~~~~


✘ [ERROR] Could not resolve "./categories.component"

    src/app/app.routes.ts:3:36:
      3 │ import { CategoriesComponent } from './categories.component';
        ╵                                     ~~~~~~~~~~~~~~~~~~~~~~~~


❯ Changes detected. Rebuilding...
✔ Changes detected. Rebuilding...
Browser bundles     
Initial chunk files  | Names            |  Raw size
polyfills.js         | polyfills        |  90.20 kB | 
main.js              | main             |  26.48 kB | 
styles.css           | styles           |   2.12 kB | 

                     | Initial total    | 118.80 kB


Server bundles      
Initial chunk files  | Names            |  Raw size
polyfills.server.mjs | polyfills.server | 572.91 kB | 
chunk-TCQKTFQ4.mjs   | -                |  26.95 kB | 
server.mjs           | server           |   1.39 kB | 
main.server.mjs      | main.server      | 800 bytes | 

Application bundle generation complete. [0.447 seconds]

▲ [WARNING] TS-998113: DashboardComponent is not used within the template of AppComponent [plugin angular-compiler]

    src/app/app.component.ts:12:4:
      12 │     DashboardComponent,
         ╵     ~~~~~~~~~~~~~~~~~~


▲ [WARNING] TS-998113: ExpensesComponent is not used within the template of AppComponent [plugin angular-compiler]

    src/app/app.component.ts:13:4:
      13 │     ExpensesComponent,
         ╵     ~~~~~~~~~~~~~~~~~


▲ [WARNING] TS-998113: CategoriesComponent is not used within the template of AppComponent [plugin angular-compiler]

    src/app/app.component.ts:14:4:
      14 │     CategoriesComponent
         ╵     ~~~~~~~~~~~~~~~~~~~


Page reload sent to client(s).
❯ Changes detected. Rebuilding...
✔ Changes detected. Rebuilding...
Browser bundles    
Initial chunk files | Names       |  Raw size
main.js             | main        |   7.03 kB | 


Server bundles     
Initial chunk files | Names       |  Raw size
chunk-AKSPQ5PU.mjs  | -           |   7.49 kB | 
server.mjs          | server      |   1.39 kB | 
main.server.mjs     | main.server | 800 bytes | 

Application bundle generation complete. [0.272 seconds]

▲ [WARNING] TS-998113: DashboardComponent is not used within the template of AppComponent [plugin angular-compiler]

    src/app/app.component.ts:12:4:
      12 │     DashboardComponent,
         ╵     ~~~~~~~~~~~~~~~~~~


▲ [WARNING] TS-998113: ExpensesComponent is not used within the template of AppComponent [plugin angular-compiler]

    src/app/app.component.ts:13:4:
      13 │     ExpensesComponent,
         ╵     ~~~~~~~~~~~~~~~~~


▲ [WARNING] TS-998113: CategoriesComponent is not used within the template of AppComponent [plugin angular-compiler]

    src/app/app.component.ts:14:4:
      14 │     CategoriesComponent
         ╵     ~~~~~~~~~~~~~~~~~~~


Page reload sent to client(s).
❯ Changes detected. Rebuilding...
✔ Changes detected. Rebuilding...
Browser bundles    
Initial chunk files | Names       |  Raw size
main.js             | main        |  31.31 kB | 


Server bundles     
Initial chunk files | Names       |  Raw size
chunk-UILV2XNB.mjs  | -           |  31.78 kB | 
server.mjs          | server      |   1.39 kB | 
main.server.mjs     | main.server | 800 bytes | 

Application bundle generation complete. [0.815 seconds]

▲ [WARNING] TS-998113: DashboardComponent is not used within the template of AppComponent [plugin angular-compiler]

    src/app/app.component.ts:12:4:
      12 │     DashboardComponent,
         ╵     ~~~~~~~~~~~~~~~~~~


▲ [WARNING] TS-998113: ExpensesComponent is not used within the template of AppComponent [plugin angular-compiler]

    src/app/app.component.ts:13:4:
      13 │     ExpensesComponent,
         ╵     ~~~~~~~~~~~~~~~~~


▲ [WARNING] TS-998113: CategoriesComponent is not used within the template of AppComponent [plugin angular-compiler]

    src/app/app.component.ts:14:4:
      14 │     CategoriesComponent
         ╵     ~~~~~~~~~~~~~~~~~~~


9:58:03 AM [vite] (ssr) ✨ new dependencies optimized: @angular/forms, @angular/common/http
9:58:03 AM [vite] (ssr) ✨ optimized dependencies changed. reloading
Page reload sent to client(s).
❯ Changes detected. Rebuilding...
✔ Changes detected. Rebuilding...
Browser bundles    
Initial chunk files | Names       |  Raw size
main.js             | main        |  47.06 kB | 


Server bundles     
Initial chunk files | Names       |  Raw size
chunk-RMPQNKVF.mjs  | -           |  47.52 kB | 
server.mjs          | server      |   1.39 kB | 
main.server.mjs     | main.server | 800 bytes | 

Application bundle generation complete. [0.634 seconds]

▲ [WARNING] TS-998113: DashboardComponent is not used within the template of AppComponent [plugin angular-compiler]

    src/app/app.component.ts:12:4:
      12 │     DashboardComponent,
         ╵     ~~~~~~~~~~~~~~~~~~


▲ [WARNING] TS-998113: ExpensesComponent is not used within the template of AppComponent [plugin angular-compiler]

    src/app/app.component.ts:13:4:
      13 │     ExpensesComponent,
         ╵     ~~~~~~~~~~~~~~~~~


▲ [WARNING] TS-998113: CategoriesComponent is not used within the template of AppComponent [plugin angular-compiler]

    src/app/app.component.ts:14:4:
      14 │     CategoriesComponent
         ╵     ~~~~~~~~~~~~~~~~~~~


Page reload sent to client(s).
❯ Changes detected. Rebuilding...
✔ Changes detected. Rebuilding...
Browser bundles    
Initial chunk files | Names       |  Raw size
main.js             | main        |  47.06 kB | 


Server bundles     
Initial chunk files | Names       |  Raw size
chunk-C23KPZI5.mjs  | -           |  47.52 kB | 
server.mjs          | server      |   1.39 kB | 
main.server.mjs     | main.server | 800 bytes | 

Application bundle generation complete. [0.533 seconds]

▲ [WARNING] TS-998113: DashboardComponent is not used within the template of AppComponent [plugin angular-compiler]

    src/app/app.component.ts:12:4:
      12 │     DashboardComponent,
         ╵     ~~~~~~~~~~~~~~~~~~


▲ [WARNING] TS-998113: ExpensesComponent is not used within the template of AppComponent [plugin angular-compiler]

    src/app/app.component.ts:13:4:
      13 │     ExpensesComponent,
         ╵     ~~~~~~~~~~~~~~~~~


▲ [WARNING] TS-998113: CategoriesComponent is not used within the template of AppComponent [plugin angular-compiler]

    src/app/app.component.ts:14:4:
      14 │     CategoriesComponent
         ╵     ~~~~~~~~~~~~~~~~~~~


Page reload sent to client(s).
❯ Changes detected. Rebuilding...
✔ Changes detected. Rebuilding...
Browser bundles    
Initial chunk files | Names       |  Raw size
main.js             | main        |  47.06 kB | 


Server bundles     
Initial chunk files | Names       |  Raw size
chunk-RDXYIHKL.mjs  | -           |  47.53 kB | 
server.mjs          | server      |   1.39 kB | 
main.server.mjs     | main.server | 800 bytes | 

Application bundle generation complete. [0.238 seconds]

▲ [WARNING] TS-998113: DashboardComponent is not used within the template of AppComponent [plugin angular-compiler]

    src/app/app.component.ts:12:4:
      12 │     DashboardComponent,
         ╵     ~~~~~~~~~~~~~~~~~~


▲ [WARNING] TS-998113: ExpensesComponent is not used within the template of AppComponent [plugin angular-compiler]

    src/app/app.component.ts:13:4:
      13 │     ExpensesComponent,
         ╵     ~~~~~~~~~~~~~~~~~


▲ [WARNING] TS-998113: CategoriesComponent is not used within the template of AppComponent [plugin angular-compiler]

    src/app/app.component.ts:14:4:
      14 │     CategoriesComponent
         ╵     ~~~~~~~~~~~~~~~~~~~


Page reload sent to client(s).
❯ Changes detected. Rebuilding...
✔ Changes detected. Rebuilding...
Browser bundles    
Initial chunk files | Names       |  Raw size
main.js             | main        |  47.07 kB | 


Server bundles     
Initial chunk files | Names       |  Raw size
chunk-DEU54PNQ.mjs  | -           |  47.54 kB | 
server.mjs          | server      |   1.39 kB | 
main.server.mjs     | main.server | 800 bytes | 

Application bundle generation complete. [0.255 seconds]

▲ [WARNING] TS-998113: DashboardComponent is not used within the template of AppComponent [plugin angular-compiler]

    src/app/app.component.ts:12:4:
      12 │     DashboardComponent,
         ╵     ~~~~~~~~~~~~~~~~~~


▲ [WARNING] TS-998113: ExpensesComponent is not used within the template of AppComponent [plugin angular-compiler]

    src/app/app.component.ts:13:4:
      13 │     ExpensesComponent,
         ╵     ~~~~~~~~~~~~~~~~~


▲ [WARNING] TS-998113: CategoriesComponent is not used within the template of AppComponent [plugin angular-compiler]

    src/app/app.component.ts:14:4:
      14 │     CategoriesComponent
         ╵     ~~~~~~~~~~~~~~~~~~~


Page reload sent to client(s).
❯ Changes detected. Rebuilding...
✔ Changes detected. Rebuilding...
Browser bundles    
Initial chunk files | Names       |  Raw size
main.js             | main        |  47.08 kB | 


Server bundles     
Initial chunk files | Names       |  Raw size
chunk-VJNFEKFC.mjs  | -           |  47.54 kB | 
server.mjs          | server      |   1.39 kB | 
main.server.mjs     | main.server | 800 bytes | 

Application bundle generation complete. [0.304 seconds]

▲ [WARNING] TS-998113: DashboardComponent is not used within the template of AppComponent [plugin angular-compiler]

    src/app/app.component.ts:12:4:
      12 │     DashboardComponent,
         ╵     ~~~~~~~~~~~~~~~~~~


▲ [WARNING] TS-998113: ExpensesComponent is not used within the template of AppComponent [plugin angular-compiler]

    src/app/app.component.ts:13:4:
      13 │     ExpensesComponent,
         ╵     ~~~~~~~~~~~~~~~~~


▲ [WARNING] TS-998113: CategoriesComponent is not used within the template of AppComponent [plugin angular-compiler]

    src/app/app.component.ts:14:4:
      14 │     CategoriesComponent
         ╵     ~~~~~~~~~~~~~~~~~~~


Page reload sent to client(s).
❯ Changes detected. Rebuilding...
✔ Changes detected. Rebuilding...
Browser bundles    
Initial chunk files | Names       |  Raw size
main.js             | main        |  47.09 kB | 


Server bundles     
Initial chunk files | Names       |  Raw size
chunk-DPSRWOPT.mjs  | -           |  47.55 kB | 
server.mjs          | server      |   1.39 kB | 
main.server.mjs     | main.server | 800 bytes | 

Application bundle generation complete. [0.251 seconds]

▲ [WARNING] TS-998113: DashboardComponent is not used within the template of AppComponent [plugin angular-compiler]

    src/app/app.component.ts:12:4:
      12 │     DashboardComponent,
         ╵     ~~~~~~~~~~~~~~~~~~


▲ [WARNING] TS-998113: ExpensesComponent is not used within the template of AppComponent [plugin angular-compiler]

    src/app/app.component.ts:13:4:
      13 │     ExpensesComponent,
         ╵     ~~~~~~~~~~~~~~~~~


▲ [WARNING] TS-998113: CategoriesComponent is not used within the template of AppComponent [plugin angular-compiler]

    src/app/app.component.ts:14:4:
      14 │     CategoriesComponent
         ╵     ~~~~~~~~~~~~~~~~~~~


Page reload sent to client(s).
❯ Changes detected. Rebuilding...
✔ Changes detected. Rebuilding...
Browser bundles    
Initial chunk files | Names       |  Raw size
main.js             | main        |  47.10 kB | 


Server bundles     
Initial chunk files | Names       |  Raw size
chunk-HCTSBSKD.mjs  | -           |  47.56 kB | 
server.mjs          | server      |   1.39 kB | 
main.server.mjs     | main.server | 800 bytes | 

Application bundle generation complete. [0.174 seconds]

▲ [WARNING] TS-998113: DashboardComponent is not used within the template of AppComponent [plugin angular-compiler]

    src/app/app.component.ts:12:4:
      12 │     DashboardComponent,
         ╵     ~~~~~~~~~~~~~~~~~~


▲ [WARNING] TS-998113: ExpensesComponent is not used within the template of AppComponent [plugin angular-compiler]

    src/app/app.component.ts:13:4:
      13 │     ExpensesComponent,
         ╵     ~~~~~~~~~~~~~~~~~


▲ [WARNING] TS-998113: CategoriesComponent is not used within the template of AppComponent [plugin angular-compiler]

    src/app/app.component.ts:14:4:
      14 │     CategoriesComponent
         ╵     ~~~~~~~~~~~~~~~~~~~


Page reload sent to client(s).
❯ Changes detected. Rebuilding...
✔ Changes detected. Rebuilding...
Browser bundles    
Initial chunk files | Names       |  Raw size
main.js             | main        |  47.10 kB | 


Server bundles     
Initial chunk files | Names       |  Raw size
chunk-4T3C5765.mjs  | -           |  47.56 kB | 
server.mjs          | server      |   1.39 kB | 
main.server.mjs     | main.server | 800 bytes | 

Application bundle generation complete. [0.178 seconds]

▲ [WARNING] TS-998113: DashboardComponent is not used within the template of AppComponent [plugin angular-compiler]

    src/app/app.component.ts:12:4:
      12 │     DashboardComponent,
         ╵     ~~~~~~~~~~~~~~~~~~


▲ [WARNING] TS-998113: ExpensesComponent is not used within the template of AppComponent [plugin angular-compiler]

    src/app/app.component.ts:13:4:
      13 │     ExpensesComponent,
         ╵     ~~~~~~~~~~~~~~~~~


▲ [WARNING] TS-998113: CategoriesComponent is not used within the template of AppComponent [plugin angular-compiler]

    src/app/app.component.ts:14:4:
      14 │     CategoriesComponent
         ╵     ~~~~~~~~~~~~~~~~~~~


Page reload sent to client(s).
❯ Changes detected. Rebuilding...
✔ Changes detected. Rebuilding...
Browser bundles    
Initial chunk files | Names       |  Raw size
main.js             | main        |  47.10 kB | 


Server bundles     
Initial chunk files | Names       |  Raw size
chunk-BUUQB6MN.mjs  | -           |  47.51 kB | 
server.mjs          | server      |   1.39 kB | 
main.server.mjs     | main.server | 800 bytes | 

Application bundle generation complete. [0.249 seconds]

Page reload sent to client(s).
❯ Changes detected. Rebuilding...
✔ Changes detected. Rebuilding...
Browser bundles     
Initial chunk files  | Names            |  Raw size
polyfills.js         | polyfills        |  90.20 kB | 
main.js              | main             |  47.10 kB | 
styles.css           | styles           |   2.12 kB | 

                     | Initial total    | 139.42 kB


Server bundles      
Initial chunk files  | Names            |  Raw size
polyfills.server.mjs | polyfills.server | 572.91 kB | 
chunk-BUUQB6MN.mjs   | -                |  47.51 kB | 
server.mjs           | server           |   1.39 kB | 
main.server.mjs      | main.server      | 800 bytes | 

Application bundle generation complete. [0.079 seconds]

❯ Changes detected. Rebuilding...
✔ Changes detected. Rebuilding...
Browser bundles     
Initial chunk files  | Names            |  Raw size
polyfills.js         | polyfills        |  90.20 kB | 
main.js              | main             |  47.10 kB | 
styles.css           | styles           |   2.12 kB | 

                     | Initial total    | 139.42 kB


Server bundles      
Initial chunk files  | Names            |  Raw size
polyfills.server.mjs | polyfills.server | 572.91 kB | 
chunk-BUUQB6MN.mjs   | -                |  47.51 kB | 
server.mjs           | server           |   1.39 kB | 
main.server.mjs      | main.server      | 800 bytes | 

Application bundle generation complete. [0.122 seconds]

❯ Changes detected. Rebuilding...
✔ Changes detected. Rebuilding...
Browser bundles     
Initial chunk files  | Names            |  Raw size
polyfills.js         | polyfills        |  90.20 kB | 
main.js              | main             |  47.10 kB | 
styles.css           | styles           |   2.12 kB | 

                     | Initial total    | 139.42 kB


Server bundles      
Initial chunk files  | Names            |  Raw size
polyfills.server.mjs | polyfills.server | 572.91 kB | 
chunk-BUUQB6MN.mjs   | -                |  47.51 kB | 
server.mjs           | server           |   1.39 kB | 
main.server.mjs      | main.server      | 800 bytes | 

Application bundle generation complete. [0.082 seconds]

❯ Changes detected. Rebuilding...
✔ Changes detected. Rebuilding...
Browser bundles    
Initial chunk files | Names       |  Raw size
main.js             | main        |  47.09 kB | 


Server bundles     
Initial chunk files | Names       |  Raw size
chunk-E3HGE6NJ.mjs  | -           |  47.51 kB | 
server.mjs          | server      |   1.39 kB | 
main.server.mjs     | main.server | 800 bytes | 

Application bundle generation complete. [0.337 seconds]

Page reload sent to client(s).
❯ Changes detected. Rebuilding...
✔ Changes detected. Rebuilding...
Browser bundles    
Initial chunk files | Names       |  Raw size
main.js             | main        |  47.08 kB | 


Server bundles     
Initial chunk files | Names       |  Raw size
chunk-4O4HKR4D.mjs  | -           |  47.50 kB | 
server.mjs          | server      |   1.39 kB | 
main.server.mjs     | main.server | 800 bytes | 

Application bundle generation complete. [0.246 seconds]

Page reload sent to client(s).
❯ Changes detected. Rebuilding...
✔ Changes detected. Rebuilding...
Browser bundles     
Initial chunk files  | Names            |  Raw size
polyfills.js         | polyfills        |  90.20 kB | 
main.js              | main             |  47.08 kB | 
styles.css           | styles           |   2.12 kB | 

                     | Initial total    | 139.41 kB


Server bundles      
Initial chunk files  | Names            |  Raw size
polyfills.server.mjs | polyfills.server | 572.91 kB | 
chunk-4O4HKR4D.mjs   | -                |  47.50 kB | 
server.mjs           | server           |   1.39 kB | 
main.server.mjs      | main.server      | 800 bytes | 

Application bundle generation complete. [0.084 seconds]

❯ Changes detected. Rebuilding...
✔ Changes detected. Rebuilding...
Browser bundles    
Initial chunk files | Names       |  Raw size
main.js             | main        |  47.08 kB | 


Server bundles     
Initial chunk files | Names       |  Raw size
chunk-JA4E4RSO.mjs  | -           |  47.49 kB | 
server.mjs          | server      |   1.39 kB | 
main.server.mjs     | main.server | 800 bytes | 

Application bundle generation complete. [0.230 seconds]

Page reload sent to client(s).
❯ Changes detected. Rebuilding...
✔ Changes detected. Rebuilding...
Browser bundles    
Initial chunk files | Names       |  Raw size
main.js             | main        |  47.07 kB | 


Server bundles     
Initial chunk files | Names       |  Raw size
chunk-NLTNPL7Y.mjs  | -           |  47.49 kB | 
server.mjs          | server      |   1.39 kB | 
main.server.mjs     | main.server | 800 bytes | 

Application bundle generation complete. [0.296 seconds]

Page reload sent to client(s).
❯ Changes detected. Rebuilding...
✔ Changes detected. Rebuilding...
Browser bundles    
Initial chunk files | Names       |  Raw size
main.js             | main        |  47.12 kB | 


Server bundles     
Initial chunk files | Names       |  Raw size
chunk-BRGQA7EA.mjs  | -           |  47.54 kB | 
server.mjs          | server      |   1.39 kB | 
main.server.mjs     | main.server | 800 bytes | 

Application bundle generation complete. [0.113 seconds]

Page reload sent to client(s).
❯ Changes detected. Rebuilding...
✔ Changes detected. Rebuilding...
Browser bundles    
Initial chunk files | Names       |  Raw size
main.js             | main        |  47.18 kB | 


Server bundles     
Initial chunk files | Names       |  Raw size
chunk-QTQOOA7J.mjs  | -           |  47.59 kB | 
server.mjs          | server      |   1.39 kB | 
main.server.mjs     | main.server | 800 bytes | 

Application bundle generation complete. [0.140 seconds]

Page reload sent to client(s).
❯ Changes detected. Rebuilding...
✔ Changes detected. Rebuilding...
Server bundles     
Initial chunk files | Names       |  Raw size
chunk-GAGCGQXQ.mjs  | -           |  47.59 kB | 
server.mjs          | server      |   1.39 kB | 
main.server.mjs     | main.server | 800 bytes | 

Application bundle generation complete. [0.222 seconds]

Page reload sent to client(s).
❯ Changes detected. Rebuilding...
✔ Changes detected. Rebuilding...
Server bundles     
Initial chunk files | Names       |  Raw size
chunk-G7VJESG2.mjs  | -           |  47.59 kB | 
server.mjs          | server      |   1.39 kB | 
main.server.mjs     | main.server | 800 bytes | 

Application bundle generation complete. [0.220 seconds]

Page reload sent to client(s).
❯ Changes detected. Rebuilding...
✔ Changes detected. Rebuilding...
Server bundles     
Initial chunk files | Names       |  Raw size
chunk-PWWD43IM.mjs  | -           |  47.59 kB | 
server.mjs          | server      |   1.39 kB | 
main.server.mjs     | main.server | 800 bytes | 

Application bundle generation complete. [0.226 seconds]

Page reload sent to client(s).
❯ Changes detected. Rebuilding...
✔ Changes detected. Rebuilding...
Server bundles     
Initial chunk files | Names       |  Raw size
chunk-6YVEI2LH.mjs  | -           |  47.59 kB | 
server.mjs          | server      |   1.39 kB | 
main.server.mjs     | main.server | 800 bytes | 

Application bundle generation complete. [0.161 seconds]

Page reload sent to client(s).
❯ Changes detected. Rebuilding...
✔ Changes detected. Rebuilding...
Browser bundles    
Initial chunk files | Names       |  Raw size
main.js             | main        |  47.12 kB | 


Server bundles     
Initial chunk files | Names       |  Raw size
chunk-2JS237T7.mjs  | -           |  47.54 kB | 
server.mjs          | server      |   1.39 kB | 
main.server.mjs     | main.server | 800 bytes | 

Application bundle generation complete. [0.115 seconds]

Page reload sent to client(s).
❯ Changes detected. Rebuilding...
✔ Changes detected. Rebuilding...
Application bundle generation failed. [0.157 seconds]

✘ [ERROR] TS2339: Property 'api' does not exist on type 'CategoriesComponent'. [plugin angular-compiler]

    src/app/categories.component.ts:43:9:
      43 │     this.api.createCategory(data).subscribe(() => this.loadCategor...
         ╵          ~~~


✘ [ERROR] TS2339: Property 'api' does not exist on type 'CategoriesComponent'. [plugin angular-compiler]

    src/app/categories.component.ts:47:9:
      47 │     this.api.updateCategory(id, data).subscribe(() => this.loadCat...
         ╵          ~~~


✘ [ERROR] TS2339: Property 'api' does not exist on type 'CategoriesComponent'. [plugin angular-compiler]

    src/app/categories.component.ts:50:9:
      50 │     this.api.deleteCategory(cat.id).subscribe(() => this.loadCateg...
         ╵          ~~~


❯ Changes detected. Rebuilding...
✔ Changes detected. Rebuilding...
Application bundle generation failed. [0.117 seconds]

✘ [ERROR] TS2339: Property 'api' does not exist on type 'CategoriesComponent'. [plugin angular-compiler]

    src/app/categories.component.ts:43:9:
      43 │     this.api.createCategory(data).subscribe(() => this.loadCategor...
         ╵          ~~~


✘ [ERROR] TS2339: Property 'api' does not exist on type 'CategoriesComponent'. [plugin angular-compiler]

    src/app/categories.component.ts:47:9:
      47 │     this.api.updateCategory(id, data).subscribe(() => this.loadCat...
         ╵          ~~~


✘ [ERROR] TS2339: Property 'api' does not exist on type 'CategoriesComponent'. [plugin angular-compiler]

    src/app/categories.component.ts:50:9:
      50 │     this.api.deleteCategory(cat.id).subscribe(() => this.loadCateg...
         ╵          ~~~


❯ Changes detected. Rebuilding...
✔ Changes detected. Rebuilding...
Application bundle generation failed. [0.157 seconds]

✘ [ERROR] TS2339: Property 'api' does not exist on type 'CategoriesComponent'. [plugin angular-compiler]

    src/app/categories.component.ts:43:9:
      43 │     this.api.createCategory(data).subscribe(() => this.loadCategor...
         ╵          ~~~


✘ [ERROR] TS2339: Property 'api' does not exist on type 'CategoriesComponent'. [plugin angular-compiler]

    src/app/categories.component.ts:47:9:
      47 │     this.api.updateCategory(id, data).subscribe(() => this.loadCat...
         ╵          ~~~


✘ [ERROR] TS2339: Property 'api' does not exist on type 'CategoriesComponent'. [plugin angular-compiler]

    src/app/categories.component.ts:50:9:
      50 │     this.api.deleteCategory(cat.id).subscribe(() => this.loadCateg...
         ╵          ~~~


✘ [ERROR] TS2339: Property 'api' does not exist on type 'ExpensesComponent'. [plugin angular-compiler]

    src/app/expenses.component.ts:70:11:
      70 │       this.api.updateExpense(this.editingExpense.id, data).subscri...
         ╵            ~~~


✘ [ERROR] TS2339: Property 'api' does not exist on type 'ExpensesComponent'. [plugin angular-compiler]

    src/app/expenses.component.ts:75:11:
      75 │       this.api.createExpense(data).subscribe(() => {
         ╵            ~~~


✘ [ERROR] TS2339: Property 'api' does not exist on type 'ExpensesComponent'. [plugin angular-compiler]

    src/app/expenses.component.ts:82:9:
      82 │     this.api.deleteExpense(exp.id).subscribe(() => this.loadEveryt...
         ╵          ~~~


❯ Changes detected. Rebuilding...
✔ Changes detected. Rebuilding...
Application bundle generation failed. [0.174 seconds]

✘ [ERROR] TS2339: Property 'api' does not exist on type 'ExpensesComponent'. [plugin angular-compiler]

    src/app/expenses.component.ts:70:11:
      70 │       this.api.updateExpense(this.editingExpense.id, data).subscri...
         ╵            ~~~


✘ [ERROR] TS2339: Property 'api' does not exist on type 'ExpensesComponent'. [plugin angular-compiler]

    src/app/expenses.component.ts:75:11:
      75 │       this.api.createExpense(data).subscribe(() => {
         ╵            ~~~


✘ [ERROR] TS2339: Property 'api' does not exist on type 'ExpensesComponent'. [plugin angular-compiler]

    src/app/expenses.component.ts:82:9:
      82 │     this.api.deleteExpense(exp.id).subscribe(() => this.loadEveryt...
         ╵          ~~~


❯ Changes detected. Rebuilding...
✔ Changes detected. Rebuilding...
Browser bundles     
Initial chunk files  | Names            |  Raw size
polyfills.js         | polyfills        |  90.20 kB | 
main.js              | main             |  47.07 kB | 
styles.css           | styles           |   2.12 kB | 

                     | Initial total    | 139.39 kB


Server bundles      
Initial chunk files  | Names            |  Raw size
polyfills.server.mjs | polyfills.server | 572.91 kB | 
chunk-YIV5P5AL.mjs   | -                |  47.49 kB | 
server.mjs           | server           |   1.39 kB | 
main.server.mjs      | main.server      | 800 bytes | 

Application bundle generation complete. [0.189 seconds]

Page reload sent to client(s).
❯ Changes detected. Rebuilding...
✔ Changes detected. Rebuilding...
Browser bundles    
Initial chunk files | Names       |  Raw size
main.js             | main        |  47.08 kB | 


Server bundles     
Initial chunk files | Names       |  Raw size
chunk-7NGP5PNS.mjs  | -           |  47.49 kB | 
server.mjs          | server      |   1.39 kB | 
main.server.mjs     | main.server | 800 bytes | 

Application bundle generation complete. [0.207 seconds]

Page reload sent to client(s).
❯ Changes detected. Rebuilding...
✔ Changes detected. Rebuilding...
Browser bundles    
Initial chunk files | Names       |  Raw size
main.js             | main        |  47.08 kB | 


Server bundles     
Initial chunk files | Names       |  Raw size
chunk-5H7OW3IA.mjs  | -           |  47.50 kB | 
server.mjs          | server      |   1.39 kB | 
main.server.mjs     | main.server | 800 bytes | 

Application bundle generation complete. [0.264 seconds]

Page reload sent to client(s).
❯ Changes detected. Rebuilding...
✔ Changes detected. Rebuilding...
Browser bundles    
Initial chunk files | Names       |  Raw size
main.js             | main        |  47.09 kB | 


Server bundles     
Initial chunk files | Names       |  Raw size
chunk-NA5Y22JH.mjs  | -           |  47.51 kB | 
server.mjs          | server      |   1.39 kB | 
main.server.mjs     | main.server | 800 bytes | 

Application bundle generation complete. [0.264 seconds]

Page reload sent to client(s).
❯ Changes detected. Rebuilding...
✔ Changes detected. Rebuilding...
Browser bundles    
Initial chunk files | Names       |  Raw size
main.js             | main        |  47.10 kB | 


Server bundles     
Initial chunk files | Names       |  Raw size
chunk-BUUQB6MN.mjs  | -           |  47.51 kB | 
server.mjs          | server      |   1.39 kB | 
main.server.mjs     | main.server | 800 bytes | 

Application bundle generation complete. [0.227 seconds]

Page reload sent to client(s).
❯ Changes detected. Rebuilding...
✔ Changes detected. Rebuilding...
Application bundle generation failed. [0.365 seconds]

✘ [ERROR] Unterminated regular expression

    src/app/dashboard-charts.component.ts:2:4:
      2 │ /td>
        ╵     ^


✘ [ERROR] TS2307: Cannot find module 'chart.js' or its corresponding type declarations. [plugin angular-compiler]

    src/app/dashboard-charts.component.ts:2:60:
      2 │ ...rt { ChartConfiguration, ChartType, ChartOptions } from 'chart.js';
        ╵                                                            ~~~~~~~~~~


✘ [ERROR] TS2307: Cannot find module 'ng2-charts' or its corresponding type declarations. [plugin angular-compiler]

    src/app/dashboard-charts.component.ts:4:31:
      4 │ import { NgChartsModule } from 'ng2-charts';
        ╵                                ~~~~~~~~~~~~


✘ [ERROR] TS1005: ',' expected. [plugin angular-compiler]

    src/app/dashboard-charts.component.ts:34:50:
      34 │ ...Total Expenses:</b> ${{ summary?.totalExpense | number:'1.2-2' ...
         ╵                                   ~~


✘ [ERROR] TS1005: ',' expected. [plugin angular-compiler]

    src/app/dashboard-charts.component.ts:34:65:
      34 │ ...l Expenses:</b> ${{ summary?.totalExpense | number:'1.2-2' }}</li>
         ╵                                              ^


✘ [ERROR] TS1005: '}' expected. [plugin angular-compiler]

    src/app/dashboard-charts.component.ts:34:73:
      34 │ ...l Expenses:</b> ${{ summary?.totalExpense | number:'1.2-2' }}</li>
         ╵                                                      ^


✘ [ERROR] TS1005: ':' expected. [plugin angular-compiler]

    src/app/dashboard-charts.component.ts:34:82:
      34 │ ...l Expenses:</b> ${{ summary?.totalExpense | number:'1.2-2' }}</li>
         ╵                                                               ^


✘ [ERROR] TS1005: ',' expected. [plugin angular-compiler]

    src/app/dashboard-charts.component.ts:34:83:
      34 │ ...l Expenses:</b> ${{ summary?.totalExpense | number:'1.2-2' }}</li>
         ╵                                                                ^


✘ [ERROR] TS1110: Type expected. [plugin angular-compiler]

    src/app/dashboard-charts.component.ts:34:85:
      34 │ ...l Expenses:</b> ${{ summary?.totalExpense | number:'1.2-2' }}</li>
         ╵                                                                  ^


✘ [ERROR] TS1005: ',' expected. [plugin angular-compiler]

    src/app/dashboard-charts.component.ts:35:24:
      35 │             <li><b>This Month:</b> ${{ summary?.monthlyExpense | n...
         ╵                         ~~~~~


✘ [ERROR] TS1005: ',' expected. [plugin angular-compiler]

    src/app/dashboard-charts.component.ts:35:29:
      35 │             <li><b>This Month:</b> ${{ summary?.monthlyExpense | n...
         ╵                              ^


✘ [ERROR] TS1110: Type expected. [plugin angular-compiler]

    src/app/dashboard-charts.component.ts:35:31:
      35 │             <li><b>This Month:</b> ${{ summary?.monthlyExpense | n...
         ╵                                ^


✘ [ERROR] TS1005: ',' expected. [plugin angular-compiler]

    src/app/dashboard-charts.component.ts:36:29:
      36 │             <li><b>Categories:</b> {{ summary?.categories.length }...
         ╵                              ^


✘ [ERROR] TS1110: Type expected. [plugin angular-compiler]

    src/app/dashboard-charts.component.ts:36:31:
      36 │             <li><b>Categories:</b> {{ summary?.categories.length }...
         ╵                                ^


✘ [ERROR] TS1110: Type expected. [plugin angular-compiler]

    src/app/dashboard-charts.component.ts:37:11:
      37 │           </ul>
         ╵            ^


✘ [ERROR] TS1161: Unterminated regular expression literal. [plugin angular-compiler]

    src/app/dashboard-charts.component.ts:38:9:
      38 │         </div>
         ╵          ~~~~~


✘ [ERROR] TS1161: Unterminated regular expression literal. [plugin angular-compiler]

    src/app/dashboard-charts.component.ts:39:7:
      39 │       </div>
         ╵        ~~~~~


✘ [ERROR] TS1005: ',' expected. [plugin angular-compiler]

    src/app/dashboard-charts.component.ts:40:11:
      40 │       <div style="margin-top:2.5rem;">
         ╵            ~~~~~


✘ [ERROR] TS1005: ',' expected. [plugin angular-compiler]

    src/app/dashboard-charts.component.ts:41:19:
      41 │         <h3>Recent Expenses</h3>
         ╵                    ~~~~~~~~


✘ [ERROR] TS1161: Unterminated regular expression literal. [plugin angular-compiler]

    src/app/dashboard-charts.component.ts:41:28:
      41 │         <h3>Recent Expenses</h3>
         ╵                             ~~~~


✘ [ERROR] TS1005: ',' expected. [plugin angular-compiler]

    src/app/dashboard-charts.component.ts:42:20:
      42 │         <table *ngIf="summary?.recentExpenses?.length; else noRece...
         ╵                     ^


✘ [ERROR] TS1005: ',' expected. [plugin angular-compiler]

    src/app/dashboard-charts.component.ts:42:70:
      42 │ ...mary?.recentExpenses?.length; else noRecent" class="recent-table">
         ╵                                                 ~~~~~


✘ [ERROR] TS1005: '{' expected. [plugin angular-compiler]

    src/app/dashboard-charts.component.ts:42:75:
      42 │ ...mary?.recentExpenses?.length; else noRecent" class="recent-table">
         ╵                                                      ^


✘ [ERROR] TS1161: Unterminated regular expression literal. [plugin angular-compiler]

    src/app/dashboard-charts.component.ts:45:23:
      45 │               <th>Date</th>
         ╵                        ~~~~


✘ [ERROR] TS1161: Unterminated regular expression literal. [plugin angular-compiler]

    src/app/dashboard-charts.component.ts:46:27:
      46 │               <th>Category</th>
         ╵                            ~~~~


✘ [ERROR] TS1161: Unterminated regular expression literal. [plugin angular-compiler]

    src/app/dashboard-charts.component.ts:47:30:
      47 │               <th>Description</th>
         ╵                               ~~~~


✘ [ERROR] TS1161: Unterminated regular expression literal. [plugin angular-compiler]

    src/app/dashboard-charts.component.ts:48:25:
      48 │               <th>Amount</th>
         ╵                          ~~~~


✘ [ERROR] TS1161: Unterminated regular expression literal. [plugin angular-compiler]

    src/app/dashboard-charts.component.ts:49:13:
      49 │             </tr>
         ╵              ~~~~


✘ [ERROR] TS1161: Unterminated regular expression literal. [plugin angular-compiler]

    src/app/dashboard-charts.component.ts:50:11:
      50 │           </thead>
         ╵            ~~~~~~~


✘ [ERROR] TS1005: '>' expected. [plugin angular-compiler]

    src/app/dashboard-charts.component.ts:52:16:
      52 │             <tr *ngFor="let exp of summary?.recentExpenses">
         ╵                 ^


✘ [ERROR] TS1005: ',' expected. [plugin angular-compiler]

    src/app/dashboard-charts.component.ts:52:22:
      52 │             <tr *ngFor="let exp of summary?.recentExpenses">
         ╵                       ^


✘ [ERROR] TS1136: Property assignment expected. [plugin angular-compiler]

    src/app/dashboard-charts.component.ts:53:19:
      53 │               <td>{{ exp.date | date: 'yyyy-MM-dd'}}</td>
         ╵                    ^


✘ [ERROR] TS1005: ',' expected. [plugin angular-compiler]

    src/app/dashboard-charts.component.ts:53:24:
      53 │               <td>{{ exp.date | date: 'yyyy-MM-dd'}}</td>
         ╵                         ^


✘ [ERROR] TS1005: ',' expected. [plugin angular-compiler]

    src/app/dashboard-charts.component.ts:53:36:
      53 │               <td>{{ exp.date | date: 'yyyy-MM-dd'}}</td>
         ╵                                     ^


✘ [ERROR] TS1005: ':' expected. [plugin angular-compiler]

    src/app/dashboard-charts.component.ts:53:50:
      53 │               <td>{{ exp.date | date: 'yyyy-MM-dd'}}</td>
         ╵                                                   ^


✘ [ERROR] TS1005: ',' expected. [plugin angular-compiler]

    src/app/dashboard-charts.component.ts:53:51:
      53 │               <td>{{ exp.date | date: 'yyyy-MM-dd'}}</td>
         ╵                                                    ^


✘ [ERROR] TS1110: Type expected. [plugin angular-compiler]

    src/app/dashboard-charts.component.ts:53:53:
      53 │               <td>{{ exp.date | date: 'yyyy-MM-dd'}}</td>
         ╵                                                      ^


✘ [ERROR] TS1136: Property assignment expected. [plugin angular-compiler]

    src/app/dashboard-charts.component.ts:54:19:
      54 │               <td>{{ categoryName(exp.category) }}</td>
         ╵                    ^


✘ [ERROR] TS1005: ',' expected. [plugin angular-compiler]

    src/app/dashboard-charts.component.ts:54:37:
      54 │               <td>{{ categoryName(exp.category) }}</td>
         ╵                                      ^


✘ [ERROR] TS1005: ',' expected. [plugin angular-compiler]

    src/app/dashboard-charts.component.ts:54:46:
      54 │               <td>{{ categoryName(exp.category) }}</td>
         ╵                                               ^


✘ [ERROR] TS1146: Declaration expected. [plugin angular-compiler]

    src/app/dashboard-charts.component.ts:54:47:
      54 │               <td>{{ categoryName(exp.category) }}</td>
         ╵                                                ^


✘ [ERROR] TS1128: Declaration or statement expected. [plugin angular-compiler]

    src/app/dashboard-charts.component.ts:54:48:
      54 │               <td>{{ categoryName(exp.category) }}</td>
         ╵                                                 ^


✘ [ERROR] TS1128: Declaration or statement expected. [plugin angular-compiler]

    src/app/dashboard-charts.component.ts:54:49:
      54 │               <td>{{ categoryName(exp.category) }}</td>
         ╵                                                  ^


✘ [ERROR] TS2365: Operator '>' cannot be applied to types 'boolean' and '{}'. [plugin angular-compiler]

    src/app/dashboard-charts.component.ts:54:50:
      54 │               <td>{{ categoryName(exp.category) }}</td>
         ╵                                                   ~~~~~


✘ [ERROR] TS1110: Type expected. [plugin angular-compiler]

    src/app/dashboard-charts.component.ts:54:51:
      54 │               <td>{{ categoryName(exp.category) }}</td>
         ╵                                                    ^


✘ [ERROR] TS2304: Cannot find name 'td'. [plugin angular-compiler]

    src/app/dashboard-charts.component.ts:55:15:
      55 │               <td>{{ exp.description }}</td>
         ╵                ~~


✘ [ERROR] TS1136: Property assignment expected. [plugin angular-compiler]

    src/app/dashboard-charts.component.ts:55:19:
      55 │               <td>{{ exp.description }}</td>
         ╵                    ^


✘ [ERROR] TS2304: Cannot find name 'exp'. [plugin angular-compiler]

    src/app/dashboard-charts.component.ts:55:21:
      55 │               <td>{{ exp.description }}</td>
         ╵                      ~~~


✘ [ERROR] TS1128: Declaration or statement expected. [plugin angular-compiler]

    src/app/dashboard-charts.component.ts:55:38:
      55 │               <td>{{ exp.description }}</td>
         ╵                                       ^


✘ [ERROR] TS1110: Type expected. [plugin angular-compiler]

    src/app/dashboard-charts.component.ts:55:40:
      55 │               <td>{{ exp.description }}</td>
         ╵                                         ^


✘ [ERROR] TS2304: Cannot find name 'td'. [plugin angular-compiler]

    src/app/dashboard-charts.component.ts:56:15:
      56 │               <td>${{ exp.amount | number:'1.2-2' }}</td>
         ╵                ~~


✘ [ERROR] TS2592: Cannot find name '$'. Do you need to install type definitions for jQuery? Try `npm i --save-dev @types/jquery` and then add 'jquery' to the types field in your tsconfig. [plugin angular-compiler]

    src/app/dashboard-charts.component.ts:56:18:
      56 │               <td>${{ exp.amount | number:'1.2-2' }}</td>
         ╵                   ^


✘ [ERROR] TS1005: ';' expected. [plugin angular-compiler]

    src/app/dashboard-charts.component.ts:56:19:
      56 │               <td>${{ exp.amount | number:'1.2-2' }}</td>
         ╵                    ^


✘ [ERROR] TS2304: Cannot find name 'exp'. [plugin angular-compiler]

    src/app/dashboard-charts.component.ts:56:22:
      56 │               <td>${{ exp.amount | number:'1.2-2' }}</td>
         ╵                       ~~~


✘ [ERROR] TS2693: 'number' only refers to a type, but is being used as a value here. [plugin angular-compiler]

    src/app/dashboard-charts.component.ts:56:35:
      56 │               <td>${{ exp.amount | number:'1.2-2' }}</td>
         ╵                                    ~~~~~~


✘ [ERROR] TS1005: ';' expected. [plugin angular-compiler]

    src/app/dashboard-charts.component.ts:56:41:
      56 │               <td>${{ exp.amount | number:'1.2-2' }}</td>
         ╵                                          ^


✘ [ERROR] TS2365: Operator '<' cannot be applied to types 'boolean' and 'RegExp'. [plugin angular-compiler]

    src/app/dashboard-charts.component.ts:56:52:
      56 │               <td>${{ exp.amount | number:'1.2-2' }}</td>
         ╵                                                     ~~~~~


✘ [ERROR] TS2365: Operator '<' cannot be applied to types 'boolean' and 'RegExp'. [plugin angular-compiler]

    src/app/dashboard-charts.component.ts:56:52:
      56 │               <td>${{ exp.amount | number:'1.2-2' }}</td>
         ╵                                                     ~~~~~


✘ [ERROR] TS2365: Operator '<' cannot be applied to types 'boolean' and 'number'. [plugin angular-compiler]

    src/app/dashboard-charts.component.ts:56:52:
      56 │               <td>${{ exp.amount | number:'1.2-2' }}</td>
         ╵                                                     ~~~~~


✘ [ERROR] TS1110: Type expected. [plugin angular-compiler]

    src/app/dashboard-charts.component.ts:56:53:
      56 │               <td>${{ exp.amount | number:'1.2-2' }}</td>
         ╵                                                      ^


✘ [ERROR] TS1161: Unterminated regular expression literal. [plugin angular-compiler]

    src/app/dashboard-charts.component.ts:57:13:
      57 │             </tr>
         ╵              ~~~~


✘ [ERROR] TS1161: Unterminated regular expression literal. [plugin angular-compiler]

    src/app/dashboard-charts.component.ts:58:11:
      58 │           </tbody>
         ╵            ~~~~~~~


✘ [ERROR] TS1161: Unterminated regular expression literal. [plugin angular-compiler]

    src/app/dashboard-charts.component.ts:59:9:
      59 │         </table>
         ╵          ~~~~~~~


✘ [ERROR] TS2304: Cannot find name 'ng'. [plugin angular-compiler]

    src/app/dashboard-charts.component.ts:60:9:
      60 │         <ng-template #noRecent>
         ╵          ~~


✘ [ERROR] TS2304: Cannot find name 'template'. [plugin angular-compiler]

    src/app/dashboard-charts.component.ts:60:12:
      60 │         <ng-template #noRecent>
         ╵             ~~~~~~~~


✘ [ERROR] TS1005: ';' expected. [plugin angular-compiler]

    src/app/dashboard-charts.component.ts:60:21:
      60 │         <ng-template #noRecent>
         ╵                      ~~~~~~~~~


✘ [ERROR] TS2304: Cannot find name 'div'. [plugin angular-compiler]

    src/app/dashboard-charts.component.ts:61:11:
      61 │           <div style="color:#aaa;text-align:center;">No recent exp...
         ╵            ~~~


✘ [ERROR] TS1005: '>' expected. [plugin angular-compiler]

    src/app/dashboard-charts.component.ts:61:15:
      61 │           <div style="color:#aaa;text-align:center;">No recent exp...
         ╵                ~~~~~


✘ [ERROR] TS2304: Cannot find name 'style'. [plugin angular-compiler]

    src/app/dashboard-charts.component.ts:61:15:
      61 │           <div style="color:#aaa;text-align:center;">No recent exp...
         ╵                ~~~~~


✘ [ERROR] TS1005: ';' expected. [plugin angular-compiler]

    src/app/dashboard-charts.component.ts:61:20:
      61 │           <div style="color:#aaa;text-align:center;">No recent exp...
         ╵                     ^


✘ [ERROR] TS2304: Cannot find name 'No'. [plugin angular-compiler]

    src/app/dashboard-charts.component.ts:61:53:
      61 │ ...iv style="color:#aaa;text-align:center;">No recent expenses.</div>
         ╵                                             ~~


✘ [ERROR] TS1005: ';' expected. [plugin angular-compiler]

    src/app/dashboard-charts.component.ts:61:56:
      61 │ ...iv style="color:#aaa;text-align:center;">No recent expenses.</div>
         ╵                                                ~~~~~~


✘ [ERROR] TS2304: Cannot find name 'recent'. [plugin angular-compiler]

    src/app/dashboard-charts.component.ts:61:56:
      61 │ ...iv style="color:#aaa;text-align:center;">No recent expenses.</div>
         ╵                                                ~~~~~~


✘ [ERROR] TS2304: Cannot find name 'expenses'. [plugin angular-compiler]

    src/app/dashboard-charts.component.ts:61:63:
      61 │ ...iv style="color:#aaa;text-align:center;">No recent expenses.</div>
         ╵                                                       ~~~~~~~~


✘ [ERROR] TS2365: Operator '<' cannot be applied to types 'boolean' and 'RegExp'. [plugin angular-compiler]

    src/app/dashboard-charts.component.ts:61:63:
      61 │ ...iv style="color:#aaa;text-align:center;">No recent expenses.</div>
         ╵                                                       ~~~~~~~~~~~~~~~


✘ [ERROR] TS2365: Operator '<' cannot be applied to types 'boolean' and 'RegExp'. [plugin angular-compiler]

    src/app/dashboard-charts.component.ts:61:63:
      61 │ ...iv style="color:#aaa;text-align:center;">No recent expenses.</div>
         ╵                                                       ~~~~~~~~~~~~~~~


✘ [ERROR] TS1003: Identifier expected. [plugin angular-compiler]

    src/app/dashboard-charts.component.ts:61:72:
      61 │ ...iv style="color:#aaa;text-align:center;">No recent expenses.</div>
         ╵                                                                ^


✘ [ERROR] TS1161: Unterminated regular expression literal. [plugin angular-compiler]

    src/app/dashboard-charts.component.ts:61:73:
      61 │ ...iv style="color:#aaa;text-align:center;">No recent expenses.</div>
         ╵                                                                 ~~~~~


✘ [ERROR] TS1161: Unterminated regular expression literal. [plugin angular-compiler]

    src/app/dashboard-charts.component.ts:62:9:
      62 │         </ng-template>
         ╵          ~~~~~~~~~~~~~


✘ [ERROR] TS1161: Unterminated regular expression literal. [plugin angular-compiler]

    src/app/dashboard-charts.component.ts:63:7:
      63 │       </div>
         ╵        ~~~~~


✘ [ERROR] TS1161: Unterminated regular expression literal. [plugin angular-compiler]

    src/app/dashboard-charts.component.ts:64:5:
      64 │     </section>
         ╵      ~~~~~~~~~


✘ [ERROR] TS2349: This expression is not callable.
  Type 'RegExp' has no call signatures. [plugin angular-compiler]

    src/app/dashboard-charts.component.ts:64:5:
      64 │     </section>
         ╵      ~~~~~~~~~


✘ [ERROR] TS1160: Unterminated template literal. [plugin angular-compiler]

    src/app/dashboard-charts.component.ts:139:0:
      139 │ 
          ╵ ^


✘ [ERROR] TS2305: Module '"./dashboard-charts.component"' has no exported member 'DashboardChartsComponent'. [plugin angular-compiler]

    src/app/dashboard.component.ts:4:9:
      4 │ import { DashboardChartsComponent } from './dashboard-charts.compon...
        ╵          ~~~~~~~~~~~~~~~~~~~~~~~~


✘ [ERROR] TS-991010: 'imports' must be an array of components, directives, pipes, or NgModules.
  Value is of type '[CommonModule, (not statically analyzable)]'. [plugin angular-compiler]

    src/app/dashboard.component.ts:10:11:
      10 │   imports: [CommonModule, DashboardChartsComponent],
         ╵            ~~~~~~~~~~~~~~~~~~~~~~~~~~~~~~~~~~~~~~~~


✘ [ERROR] Unterminated regular expression

    src/app/dashboard-charts.component.ts:2:4:
      2 │ /td>
        ╵     ^


❯ Changes detected. Rebuilding...
✔ Changes detected. Rebuilding...
Application bundle generation failed. [0.693 seconds]

✘ [ERROR] Unterminated regular expression

    src/app/dashboard-charts.component.ts:2:4:
      2 │ /td>
        ╵     ^


✘ [ERROR] TS1005: ',' expected. [plugin angular-compiler]

    src/app/dashboard-charts.component.ts:34:50:
      34 │ ...Total Expenses:</b> ${{ summary?.totalExpense | number:'1.2-2' ...
         ╵                                   ~~


✘ [ERROR] TS1005: ',' expected. [plugin angular-compiler]

    src/app/dashboard-charts.component.ts:34:65:
      34 │ ...l Expenses:</b> ${{ summary?.totalExpense | number:'1.2-2' }}</li>
         ╵                                              ^


✘ [ERROR] TS1005: '}' expected. [plugin angular-compiler]

    src/app/dashboard-charts.component.ts:34:73:
      34 │ ...l Expenses:</b> ${{ summary?.totalExpense | number:'1.2-2' }}</li>
         ╵                                                      ^


✘ [ERROR] TS1005: ':' expected. [plugin angular-compiler]

    src/app/dashboard-charts.component.ts:34:82:
      34 │ ...l Expenses:</b> ${{ summary?.totalExpense | number:'1.2-2' }}</li>
         ╵                                                               ^


✘ [ERROR] TS1005: ',' expected. [plugin angular-compiler]

    src/app/dashboard-charts.component.ts:34:83:
      34 │ ...l Expenses:</b> ${{ summary?.totalExpense | number:'1.2-2' }}</li>
         ╵                                                                ^


✘ [ERROR] TS1110: Type expected. [plugin angular-compiler]

    src/app/dashboard-charts.component.ts:34:85:
      34 │ ...l Expenses:</b> ${{ summary?.totalExpense | number:'1.2-2' }}</li>
         ╵                                                                  ^


✘ [ERROR] TS1005: ',' expected. [plugin angular-compiler]

    src/app/dashboard-charts.component.ts:35:24:
      35 │             <li><b>This Month:</b> ${{ summary?.monthlyExpense | n...
         ╵                         ~~~~~


✘ [ERROR] TS1005: ',' expected. [plugin angular-compiler]

    src/app/dashboard-charts.component.ts:35:29:
      35 │             <li><b>This Month:</b> ${{ summary?.monthlyExpense | n...
         ╵                              ^


✘ [ERROR] TS1110: Type expected. [plugin angular-compiler]

    src/app/dashboard-charts.component.ts:35:31:
      35 │             <li><b>This Month:</b> ${{ summary?.monthlyExpense | n...
         ╵                                ^


✘ [ERROR] TS1005: ',' expected. [plugin angular-compiler]

    src/app/dashboard-charts.component.ts:36:29:
      36 │             <li><b>Categories:</b> {{ summary?.categories.length }...
         ╵                              ^


✘ [ERROR] TS1110: Type expected. [plugin angular-compiler]

    src/app/dashboard-charts.component.ts:36:31:
      36 │             <li><b>Categories:</b> {{ summary?.categories.length }...
         ╵                                ^


✘ [ERROR] TS1110: Type expected. [plugin angular-compiler]

    src/app/dashboard-charts.component.ts:37:11:
      37 │           </ul>
         ╵            ^


✘ [ERROR] TS1161: Unterminated regular expression literal. [plugin angular-compiler]

    src/app/dashboard-charts.component.ts:38:9:
      38 │         </div>
         ╵          ~~~~~


✘ [ERROR] TS1161: Unterminated regular expression literal. [plugin angular-compiler]

    src/app/dashboard-charts.component.ts:39:7:
      39 │       </div>
         ╵        ~~~~~


✘ [ERROR] TS1005: ',' expected. [plugin angular-compiler]

    src/app/dashboard-charts.component.ts:40:11:
      40 │       <div style="margin-top:2.5rem;">
         ╵            ~~~~~


✘ [ERROR] TS1005: ',' expected. [plugin angular-compiler]

    src/app/dashboard-charts.component.ts:41:19:
      41 │         <h3>Recent Expenses</h3>
         ╵                    ~~~~~~~~


✘ [ERROR] TS1161: Unterminated regular expression literal. [plugin angular-compiler]

    src/app/dashboard-charts.component.ts:41:28:
      41 │         <h3>Recent Expenses</h3>
         ╵                             ~~~~


✘ [ERROR] TS1005: ',' expected. [plugin angular-compiler]

    src/app/dashboard-charts.component.ts:42:20:
      42 │         <table *ngIf="summary?.recentExpenses?.length; else noRece...
         ╵                     ^


✘ [ERROR] TS1005: ',' expected. [plugin angular-compiler]

    src/app/dashboard-charts.component.ts:42:70:
      42 │ ...mary?.recentExpenses?.length; else noRecent" class="recent-table">
         ╵                                                 ~~~~~


✘ [ERROR] TS1005: '{' expected. [plugin angular-compiler]

    src/app/dashboard-charts.component.ts:42:75:
      42 │ ...mary?.recentExpenses?.length; else noRecent" class="recent-table">
         ╵                                                      ^


✘ [ERROR] TS1161: Unterminated regular expression literal. [plugin angular-compiler]

    src/app/dashboard-charts.component.ts:45:23:
      45 │               <th>Date</th>
         ╵                        ~~~~


✘ [ERROR] TS1161: Unterminated regular expression literal. [plugin angular-compiler]

    src/app/dashboard-charts.component.ts:46:27:
      46 │               <th>Category</th>
         ╵                            ~~~~


✘ [ERROR] TS1161: Unterminated regular expression literal. [plugin angular-compiler]

    src/app/dashboard-charts.component.ts:47:30:
      47 │               <th>Description</th>
         ╵                               ~~~~


✘ [ERROR] TS1161: Unterminated regular expression literal. [plugin angular-compiler]

    src/app/dashboard-charts.component.ts:48:25:
      48 │               <th>Amount</th>
         ╵                          ~~~~


✘ [ERROR] TS1161: Unterminated regular expression literal. [plugin angular-compiler]

    src/app/dashboard-charts.component.ts:49:13:
      49 │             </tr>
         ╵              ~~~~


✘ [ERROR] TS1161: Unterminated regular expression literal. [plugin angular-compiler]

    src/app/dashboard-charts.component.ts:50:11:
      50 │           </thead>
         ╵            ~~~~~~~


✘ [ERROR] TS1005: '>' expected. [plugin angular-compiler]

    src/app/dashboard-charts.component.ts:52:16:
      52 │             <tr *ngFor="let exp of summary?.recentExpenses">
         ╵                 ^


✘ [ERROR] TS1005: ',' expected. [plugin angular-compiler]

    src/app/dashboard-charts.component.ts:52:22:
      52 │             <tr *ngFor="let exp of summary?.recentExpenses">
         ╵                       ^


✘ [ERROR] TS1136: Property assignment expected. [plugin angular-compiler]

    src/app/dashboard-charts.component.ts:53:19:
      53 │               <td>{{ exp.date | date: 'yyyy-MM-dd'}}</td>
         ╵                    ^


✘ [ERROR] TS1005: ',' expected. [plugin angular-compiler]

    src/app/dashboard-charts.component.ts:53:24:
      53 │               <td>{{ exp.date | date: 'yyyy-MM-dd'}}</td>
         ╵                         ^


✘ [ERROR] TS1005: ',' expected. [plugin angular-compiler]

    src/app/dashboard-charts.component.ts:53:36:
      53 │               <td>{{ exp.date | date: 'yyyy-MM-dd'}}</td>
         ╵                                     ^


✘ [ERROR] TS1005: ':' expected. [plugin angular-compiler]

    src/app/dashboard-charts.component.ts:53:50:
      53 │               <td>{{ exp.date | date: 'yyyy-MM-dd'}}</td>
         ╵                                                   ^


✘ [ERROR] TS1005: ',' expected. [plugin angular-compiler]

    src/app/dashboard-charts.component.ts:53:51:
      53 │               <td>{{ exp.date | date: 'yyyy-MM-dd'}}</td>
         ╵                                                    ^


✘ [ERROR] TS1110: Type expected. [plugin angular-compiler]

    src/app/dashboard-charts.component.ts:53:53:
      53 │               <td>{{ exp.date | date: 'yyyy-MM-dd'}}</td>
         ╵                                                      ^


✘ [ERROR] TS1136: Property assignment expected. [plugin angular-compiler]

    src/app/dashboard-charts.component.ts:54:19:
      54 │               <td>{{ categoryName(exp.category) }}</td>
         ╵                    ^


✘ [ERROR] TS1005: ',' expected. [plugin angular-compiler]

    src/app/dashboard-charts.component.ts:54:37:
      54 │               <td>{{ categoryName(exp.category) }}</td>
         ╵                                      ^


✘ [ERROR] TS1005: ',' expected. [plugin angular-compiler]

    src/app/dashboard-charts.component.ts:54:46:
      54 │               <td>{{ categoryName(exp.category) }}</td>
         ╵                                               ^


✘ [ERROR] TS1146: Declaration expected. [plugin angular-compiler]

    src/app/dashboard-charts.component.ts:54:47:
      54 │               <td>{{ categoryName(exp.category) }}</td>
         ╵                                                ^


✘ [ERROR] TS1128: Declaration or statement expected. [plugin angular-compiler]

    src/app/dashboard-charts.component.ts:54:48:
      54 │               <td>{{ categoryName(exp.category) }}</td>
         ╵                                                 ^


✘ [ERROR] TS1128: Declaration or statement expected. [plugin angular-compiler]

    src/app/dashboard-charts.component.ts:54:49:
      54 │               <td>{{ categoryName(exp.category) }}</td>
         ╵                                                  ^


✘ [ERROR] TS2365: Operator '>' cannot be applied to types 'boolean' and '{}'. [plugin angular-compiler]

    src/app/dashboard-charts.component.ts:54:50:
      54 │               <td>{{ categoryName(exp.category) }}</td>
         ╵                                                   ~~~~~


✘ [ERROR] TS1110: Type expected. [plugin angular-compiler]

    src/app/dashboard-charts.component.ts:54:51:
      54 │               <td>{{ categoryName(exp.category) }}</td>
         ╵                                                    ^


✘ [ERROR] TS2304: Cannot find name 'td'. [plugin angular-compiler]

    src/app/dashboard-charts.component.ts:55:15:
      55 │               <td>{{ exp.description }}</td>
         ╵                ~~


✘ [ERROR] TS1136: Property assignment expected. [plugin angular-compiler]

    src/app/dashboard-charts.component.ts:55:19:
      55 │               <td>{{ exp.description }}</td>
         ╵                    ^


✘ [ERROR] TS2304: Cannot find name 'exp'. [plugin angular-compiler]

    src/app/dashboard-charts.component.ts:55:21:
      55 │               <td>{{ exp.description }}</td>
         ╵                      ~~~


✘ [ERROR] TS1128: Declaration or statement expected. [plugin angular-compiler]

    src/app/dashboard-charts.component.ts:55:38:
      55 │               <td>{{ exp.description }}</td>
         ╵                                       ^


✘ [ERROR] TS2365: Operator '>' cannot be applied to types 'boolean' and '{}'. [plugin angular-compiler]

    src/app/dashboard-charts.component.ts:55:39:
      55 │               <td>{{ exp.description }}</td>
         ╵                                        ~~~~~


✘ [ERROR] TS1110: Type expected. [plugin angular-compiler]

    src/app/dashboard-charts.component.ts:55:40:
      55 │               <td>{{ exp.description }}</td>
         ╵                                         ^


✘ [ERROR] TS2304: Cannot find name 'td'. [plugin angular-compiler]

    src/app/dashboard-charts.component.ts:56:15:
      56 │               <td>{{ exp.amount | number:'1.2-2' }}</td>
         ╵                ~~


✘ [ERROR] TS1136: Property assignment expected. [plugin angular-compiler]

    src/app/dashboard-charts.component.ts:56:19:
      56 │               <td>{{ exp.amount | number:'1.2-2' }}</td>
         ╵                    ^


✘ [ERROR] TS2304: Cannot find name 'exp'. [plugin angular-compiler]

    src/app/dashboard-charts.component.ts:56:21:
      56 │               <td>{{ exp.amount | number:'1.2-2' }}</td>
         ╵                      ~~~


✘ [ERROR] TS2693: 'number' only refers to a type, but is being used as a value here. [plugin angular-compiler]

    src/app/dashboard-charts.component.ts:56:34:
      56 │               <td>{{ exp.amount | number:'1.2-2' }}</td>
         ╵                                   ~~~~~~


✘ [ERROR] TS1005: ';' expected. [plugin angular-compiler]

    src/app/dashboard-charts.component.ts:56:40:
      56 │               <td>{{ exp.amount | number:'1.2-2' }}</td>
         ╵                                         ^


✘ [ERROR] TS1128: Declaration or statement expected. [plugin angular-compiler]

    src/app/dashboard-charts.component.ts:56:50:
      56 │               <td>{{ exp.amount | number:'1.2-2' }}</td>
         ╵                                                   ^


✘ [ERROR] TS2365: Operator '<' cannot be applied to types 'boolean' and 'RegExp'. [plugin angular-compiler]

    src/app/dashboard-charts.component.ts:56:51:
      56 │               <td>{{ exp.amount | number:'1.2-2' }}</td>
         ╵                                                    ~~~~~


✘ [ERROR] TS2365: Operator '<' cannot be applied to types 'boolean' and 'RegExp'. [plugin angular-compiler]

    src/app/dashboard-charts.component.ts:56:51:
      56 │               <td>{{ exp.amount | number:'1.2-2' }}</td>
         ╵                                                    ~~~~~


✘ [ERROR] TS2365: Operator '<' cannot be applied to types 'boolean' and 'number'. [plugin angular-compiler]

    src/app/dashboard-charts.component.ts:56:51:
      56 │               <td>{{ exp.amount | number:'1.2-2' }}</td>
         ╵                                                    ~~~~~


✘ [ERROR] TS1110: Type expected. [plugin angular-compiler]

    src/app/dashboard-charts.component.ts:56:52:
      56 │               <td>{{ exp.amount | number:'1.2-2' }}</td>
         ╵                                                     ^


✘ [ERROR] TS1161: Unterminated regular expression literal. [plugin angular-compiler]

    src/app/dashboard-charts.component.ts:57:13:
      57 │             </tr>
         ╵              ~~~~


✘ [ERROR] TS1161: Unterminated regular expression literal. [plugin angular-compiler]

    src/app/dashboard-charts.component.ts:58:11:
      58 │           </tbody>
         ╵            ~~~~~~~


✘ [ERROR] TS1161: Unterminated regular expression literal. [plugin angular-compiler]

    src/app/dashboard-charts.component.ts:59:9:
      59 │         </table>
         ╵          ~~~~~~~


✘ [ERROR] TS2304: Cannot find name 'ng'. [plugin angular-compiler]

    src/app/dashboard-charts.component.ts:60:9:
      60 │         <ng-template #noRecent>
         ╵          ~~


✘ [ERROR] TS2304: Cannot find name 'template'. [plugin angular-compiler]

    src/app/dashboard-charts.component.ts:60:12:
      60 │         <ng-template #noRecent>
         ╵             ~~~~~~~~


✘ [ERROR] TS1005: ';' expected. [plugin angular-compiler]

    src/app/dashboard-charts.component.ts:60:21:
      60 │         <ng-template #noRecent>
         ╵                      ~~~~~~~~~


✘ [ERROR] TS2304: Cannot find name 'div'. [plugin angular-compiler]

    src/app/dashboard-charts.component.ts:61:11:
      61 │           <div style="color:#aaa;text-align:center;">No recent exp...
         ╵            ~~~


✘ [ERROR] TS1005: '>' expected. [plugin angular-compiler]

    src/app/dashboard-charts.component.ts:61:15:
      61 │           <div style="color:#aaa;text-align:center;">No recent exp...
         ╵                ~~~~~


✘ [ERROR] TS2304: Cannot find name 'style'. [plugin angular-compiler]

    src/app/dashboard-charts.component.ts:61:15:
      61 │           <div style="color:#aaa;text-align:center;">No recent exp...
         ╵                ~~~~~


✘ [ERROR] TS1005: ';' expected. [plugin angular-compiler]

    src/app/dashboard-charts.component.ts:61:20:
      61 │           <div style="color:#aaa;text-align:center;">No recent exp...
         ╵                     ^


✘ [ERROR] TS2304: Cannot find name 'No'. [plugin angular-compiler]

    src/app/dashboard-charts.component.ts:61:53:
      61 │ ...iv style="color:#aaa;text-align:center;">No recent expenses.</div>
         ╵                                             ~~


✘ [ERROR] TS1005: ';' expected. [plugin angular-compiler]

    src/app/dashboard-charts.component.ts:61:56:
      61 │ ...iv style="color:#aaa;text-align:center;">No recent expenses.</div>
         ╵                                                ~~~~~~


✘ [ERROR] TS2304: Cannot find name 'recent'. [plugin angular-compiler]

    src/app/dashboard-charts.component.ts:61:56:
      61 │ ...iv style="color:#aaa;text-align:center;">No recent expenses.</div>
         ╵                                                ~~~~~~


✘ [ERROR] TS2304: Cannot find name 'expenses'. [plugin angular-compiler]

    src/app/dashboard-charts.component.ts:61:63:
      61 │ ...iv style="color:#aaa;text-align:center;">No recent expenses.</div>
         ╵                                                       ~~~~~~~~


✘ [ERROR] TS2365: Operator '<' cannot be applied to types 'boolean' and 'RegExp'. [plugin angular-compiler]

    src/app/dashboard-charts.component.ts:61:63:
      61 │ ...iv style="color:#aaa;text-align:center;">No recent expenses.</div>
         ╵                                                       ~~~~~~~~~~~~~~~


✘ [ERROR] TS2365: Operator '<' cannot be applied to types 'boolean' and 'RegExp'. [plugin angular-compiler]

    src/app/dashboard-charts.component.ts:61:63:
      61 │ ...iv style="color:#aaa;text-align:center;">No recent expenses.</div>
         ╵                                                       ~~~~~~~~~~~~~~~


✘ [ERROR] TS1003: Identifier expected. [plugin angular-compiler]

    src/app/dashboard-charts.component.ts:61:72:
      61 │ ...iv style="color:#aaa;text-align:center;">No recent expenses.</div>
         ╵                                                                ^


✘ [ERROR] TS1161: Unterminated regular expression literal. [plugin angular-compiler]

    src/app/dashboard-charts.component.ts:61:73:
      61 │ ...iv style="color:#aaa;text-align:center;">No recent expenses.</div>
         ╵                                                                 ~~~~~


✘ [ERROR] TS1161: Unterminated regular expression literal. [plugin angular-compiler]

    src/app/dashboard-charts.component.ts:62:9:
      62 │         </ng-template>
         ╵          ~~~~~~~~~~~~~


✘ [ERROR] TS1161: Unterminated regular expression literal. [plugin angular-compiler]

    src/app/dashboard-charts.component.ts:63:7:
      63 │       </div>
         ╵        ~~~~~


✘ [ERROR] TS1161: Unterminated regular expression literal. [plugin angular-compiler]

    src/app/dashboard-charts.component.ts:64:5:
      64 │     </section>
         ╵      ~~~~~~~~~


✘ [ERROR] TS2349: This expression is not callable.
  Type 'RegExp' has no call signatures. [plugin angular-compiler]

    src/app/dashboard-charts.component.ts:64:5:
      64 │     </section>
         ╵      ~~~~~~~~~


✘ [ERROR] TS1160: Unterminated template literal. [plugin angular-compiler]

    src/app/dashboard-charts.component.ts:139:0:
      139 │ 
          ╵ ^


✘ [ERROR] TS2305: Module '"./dashboard-charts.component"' has no exported member 'DashboardChartsComponent'. [plugin angular-compiler]

    src/app/dashboard.component.ts:4:9:
      4 │ import { DashboardChartsComponent } from './dashboard-charts.compon...
        ╵          ~~~~~~~~~~~~~~~~~~~~~~~~


✘ [ERROR] TS-991010: 'imports' must be an array of components, directives, pipes, or NgModules.
  Value is of type '[CommonModule, (not statically analyzable)]'. [plugin angular-compiler]

    src/app/dashboard.component.ts:10:11:
      10 │   imports: [CommonModule, DashboardChartsComponent],
         ╵            ~~~~~~~~~~~~~~~~~~~~~~~~~~~~~~~~~~~~~~~~


✘ [ERROR] Unterminated regular expression

    src/app/dashboard-charts.component.ts:2:4:
      2 │ /td>
        ╵     ^


❯ Changes detected. Rebuilding...
✔ Changes detected. Rebuilding...
Application bundle generation failed. [0.103 seconds]

✘ [ERROR] Unterminated regular expression

    src/app/dashboard-charts.component.ts:2:4:
      2 │ /td>
        ╵     ^


✘ [ERROR] TS1005: ',' expected. [plugin angular-compiler]

    src/app/dashboard-charts.component.ts:34:50:
      34 │ ...Total Expenses:</b> ${{ summary?.totalExpense | number:'1.2-2' ...
         ╵                                   ~~


✘ [ERROR] TS1005: ',' expected. [plugin angular-compiler]

    src/app/dashboard-charts.component.ts:34:65:
      34 │ ...l Expenses:</b> ${{ summary?.totalExpense | number:'1.2-2' }}</li>
         ╵                                              ^


✘ [ERROR] TS1005: '}' expected. [plugin angular-compiler]

    src/app/dashboard-charts.component.ts:34:73:
      34 │ ...l Expenses:</b> ${{ summary?.totalExpense | number:'1.2-2' }}</li>
         ╵                                                      ^


✘ [ERROR] TS1005: ':' expected. [plugin angular-compiler]

    src/app/dashboard-charts.component.ts:34:82:
      34 │ ...l Expenses:</b> ${{ summary?.totalExpense | number:'1.2-2' }}</li>
         ╵                                                               ^


✘ [ERROR] TS1005: ',' expected. [plugin angular-compiler]

    src/app/dashboard-charts.component.ts:34:83:
      34 │ ...l Expenses:</b> ${{ summary?.totalExpense | number:'1.2-2' }}</li>
         ╵                                                                ^


✘ [ERROR] TS1110: Type expected. [plugin angular-compiler]

    src/app/dashboard-charts.component.ts:34:85:
      34 │ ...l Expenses:</b> ${{ summary?.totalExpense | number:'1.2-2' }}</li>
         ╵                                                                  ^


✘ [ERROR] TS1005: ',' expected. [plugin angular-compiler]

    src/app/dashboard-charts.component.ts:35:24:
      35 │             <li><b>This Month:</b> ${{ summary?.monthlyExpense | n...
         ╵                         ~~~~~


✘ [ERROR] TS1005: ',' expected. [plugin angular-compiler]

    src/app/dashboard-charts.component.ts:35:29:
      35 │             <li><b>This Month:</b> ${{ summary?.monthlyExpense | n...
         ╵                              ^


✘ [ERROR] TS1110: Type expected. [plugin angular-compiler]

    src/app/dashboard-charts.component.ts:35:31:
      35 │             <li><b>This Month:</b> ${{ summary?.monthlyExpense | n...
         ╵                                ^


✘ [ERROR] TS1005: ',' expected. [plugin angular-compiler]

    src/app/dashboard-charts.component.ts:36:29:
      36 │             <li><b>Categories:</b> {{ summary?.categories.length }...
         ╵                              ^


✘ [ERROR] TS1110: Type expected. [plugin angular-compiler]

    src/app/dashboard-charts.component.ts:36:31:
      36 │             <li><b>Categories:</b> {{ summary?.categories.length }...
         ╵                                ^


✘ [ERROR] TS1110: Type expected. [plugin angular-compiler]

    src/app/dashboard-charts.component.ts:37:11:
      37 │           </ul>
         ╵            ^


✘ [ERROR] TS1161: Unterminated regular expression literal. [plugin angular-compiler]

    src/app/dashboard-charts.component.ts:38:9:
      38 │         </div>
         ╵          ~~~~~


✘ [ERROR] TS1161: Unterminated regular expression literal. [plugin angular-compiler]

    src/app/dashboard-charts.component.ts:39:7:
      39 │       </div>
         ╵        ~~~~~


✘ [ERROR] TS1005: ',' expected. [plugin angular-compiler]

    src/app/dashboard-charts.component.ts:40:11:
      40 │       <div style="margin-top:2.5rem;">
         ╵            ~~~~~


✘ [ERROR] TS1005: ',' expected. [plugin angular-compiler]

    src/app/dashboard-charts.component.ts:41:19:
      41 │         <h3>Recent Expenses</h3>
         ╵                    ~~~~~~~~


✘ [ERROR] TS1161: Unterminated regular expression literal. [plugin angular-compiler]

    src/app/dashboard-charts.component.ts:41:28:
      41 │         <h3>Recent Expenses</h3>
         ╵                             ~~~~


✘ [ERROR] TS1005: ',' expected. [plugin angular-compiler]

    src/app/dashboard-charts.component.ts:42:20:
      42 │         <table *ngIf="summary?.recentExpenses?.length; else noRece...
         ╵                     ^


✘ [ERROR] TS1005: ',' expected. [plugin angular-compiler]

    src/app/dashboard-charts.component.ts:42:70:
      42 │ ...mary?.recentExpenses?.length; else noRecent" class="recent-table">
         ╵                                                 ~~~~~


✘ [ERROR] TS1005: '{' expected. [plugin angular-compiler]

    src/app/dashboard-charts.component.ts:42:75:
      42 │ ...mary?.recentExpenses?.length; else noRecent" class="recent-table">
         ╵                                                      ^


✘ [ERROR] TS1161: Unterminated regular expression literal. [plugin angular-compiler]

    src/app/dashboard-charts.component.ts:45:23:
      45 │               <th>Date</th>
         ╵                        ~~~~


✘ [ERROR] TS1161: Unterminated regular expression literal. [plugin angular-compiler]

    src/app/dashboard-charts.component.ts:46:27:
      46 │               <th>Category</th>
         ╵                            ~~~~


✘ [ERROR] TS1161: Unterminated regular expression literal. [plugin angular-compiler]

    src/app/dashboard-charts.component.ts:47:30:
      47 │               <th>Description</th>
         ╵                               ~~~~


✘ [ERROR] TS1161: Unterminated regular expression literal. [plugin angular-compiler]

    src/app/dashboard-charts.component.ts:48:25:
      48 │               <th>Amount</th>
         ╵                          ~~~~


✘ [ERROR] TS1161: Unterminated regular expression literal. [plugin angular-compiler]

    src/app/dashboard-charts.component.ts:49:13:
      49 │             </tr>
         ╵              ~~~~


✘ [ERROR] TS1161: Unterminated regular expression literal. [plugin angular-compiler]

    src/app/dashboard-charts.component.ts:50:11:
      50 │           </thead>
         ╵            ~~~~~~~


✘ [ERROR] TS1005: '>' expected. [plugin angular-compiler]

    src/app/dashboard-charts.component.ts:52:16:
      52 │             <tr *ngFor="let exp of summary?.recentExpenses">
         ╵                 ^


✘ [ERROR] TS1005: ',' expected. [plugin angular-compiler]

    src/app/dashboard-charts.component.ts:52:22:
      52 │             <tr *ngFor="let exp of summary?.recentExpenses">
         ╵                       ^


✘ [ERROR] TS1136: Property assignment expected. [plugin angular-compiler]

    src/app/dashboard-charts.component.ts:53:19:
      53 │               <td>{{ exp.date | date: 'yyyy-MM-dd'}}</td>
         ╵                    ^


✘ [ERROR] TS1005: ',' expected. [plugin angular-compiler]

    src/app/dashboard-charts.component.ts:53:24:
      53 │               <td>{{ exp.date | date: 'yyyy-MM-dd'}}</td>
         ╵                         ^


✘ [ERROR] TS1005: ',' expected. [plugin angular-compiler]

    src/app/dashboard-charts.component.ts:53:36:
      53 │               <td>{{ exp.date | date: 'yyyy-MM-dd'}}</td>
         ╵                                     ^


✘ [ERROR] TS1005: ':' expected. [plugin angular-compiler]

    src/app/dashboard-charts.component.ts:53:50:
      53 │               <td>{{ exp.date | date: 'yyyy-MM-dd'}}</td>
         ╵                                                   ^


✘ [ERROR] TS1005: ',' expected. [plugin angular-compiler]

    src/app/dashboard-charts.component.ts:53:51:
      53 │               <td>{{ exp.date | date: 'yyyy-MM-dd'}}</td>
         ╵                                                    ^


✘ [ERROR] TS1110: Type expected. [plugin angular-compiler]

    src/app/dashboard-charts.component.ts:53:53:
      53 │               <td>{{ exp.date | date: 'yyyy-MM-dd'}}</td>
         ╵                                                      ^


✘ [ERROR] TS1136: Property assignment expected. [plugin angular-compiler]

    src/app/dashboard-charts.component.ts:54:19:
      54 │               <td>{{ categoryName(exp.category) }}</td>
         ╵                    ^


✘ [ERROR] TS1005: ',' expected. [plugin angular-compiler]

    src/app/dashboard-charts.component.ts:54:37:
      54 │               <td>{{ categoryName(exp.category) }}</td>
         ╵                                      ^


✘ [ERROR] TS1005: ',' expected. [plugin angular-compiler]

    src/app/dashboard-charts.component.ts:54:46:
      54 │               <td>{{ categoryName(exp.category) }}</td>
         ╵                                               ^


✘ [ERROR] TS1146: Declaration expected. [plugin angular-compiler]

    src/app/dashboard-charts.component.ts:54:47:
      54 │               <td>{{ categoryName(exp.category) }}</td>
         ╵                                                ^


✘ [ERROR] TS1128: Declaration or statement expected. [plugin angular-compiler]

    src/app/dashboard-charts.component.ts:54:48:
      54 │               <td>{{ categoryName(exp.category) }}</td>
         ╵                                                 ^


✘ [ERROR] TS1128: Declaration or statement expected. [plugin angular-compiler]

    src/app/dashboard-charts.component.ts:54:49:
      54 │               <td>{{ categoryName(exp.category) }}</td>
         ╵                                                  ^


✘ [ERROR] TS2365: Operator '>' cannot be applied to types 'boolean' and '{}'. [plugin angular-compiler]

    src/app/dashboard-charts.component.ts:54:50:
      54 │               <td>{{ categoryName(exp.category) }}</td>
         ╵                                                   ~~~~~


✘ [ERROR] TS1110: Type expected. [plugin angular-compiler]

    src/app/dashboard-charts.component.ts:54:51:
      54 │               <td>{{ categoryName(exp.category) }}</td>
         ╵                                                    ^


✘ [ERROR] TS2304: Cannot find name 'td'. [plugin angular-compiler]

    src/app/dashboard-charts.component.ts:55:15:
      55 │               <td>{{ exp.description }}</td>
         ╵                ~~


✘ [ERROR] TS1136: Property assignment expected. [plugin angular-compiler]

    src/app/dashboard-charts.component.ts:55:19:
      55 │               <td>{{ exp.description }}</td>
         ╵                    ^


✘ [ERROR] TS2304: Cannot find name 'exp'. [plugin angular-compiler]

    src/app/dashboard-charts.component.ts:55:21:
      55 │               <td>{{ exp.description }}</td>
         ╵                      ~~~


✘ [ERROR] TS1128: Declaration or statement expected. [plugin angular-compiler]

    src/app/dashboard-charts.component.ts:55:38:
      55 │               <td>{{ exp.description }}</td>
         ╵                                       ^


✘ [ERROR] TS2365: Operator '>' cannot be applied to types 'boolean' and '{}'. [plugin angular-compiler]

    src/app/dashboard-charts.component.ts:55:39:
      55 │               <td>{{ exp.description }}</td>
         ╵                                        ~~~~~


✘ [ERROR] TS1110: Type expected. [plugin angular-compiler]

    src/app/dashboard-charts.component.ts:55:40:
      55 │               <td>{{ exp.description }}</td>
         ╵                                         ^


✘ [ERROR] TS2304: Cannot find name 'td'. [plugin angular-compiler]

    src/app/dashboard-charts.component.ts:56:15:
      56 │               <td>{{ exp.amount | number:'1.2-2' }}</td>
         ╵                ~~


✘ [ERROR] TS1136: Property assignment expected. [plugin angular-compiler]

    src/app/dashboard-charts.component.ts:56:19:
      56 │               <td>{{ exp.amount | number:'1.2-2' }}</td>
         ╵                    ^


✘ [ERROR] TS2304: Cannot find name 'exp'. [plugin angular-compiler]

    src/app/dashboard-charts.component.ts:56:21:
      56 │               <td>{{ exp.amount | number:'1.2-2' }}</td>
         ╵                      ~~~


✘ [ERROR] TS2693: 'number' only refers to a type, but is being used as a value here. [plugin angular-compiler]

    src/app/dashboard-charts.component.ts:56:34:
      56 │               <td>{{ exp.amount | number:'1.2-2' }}</td>
         ╵                                   ~~~~~~


✘ [ERROR] TS1005: ';' expected. [plugin angular-compiler]

    src/app/dashboard-charts.component.ts:56:40:
      56 │               <td>{{ exp.amount | number:'1.2-2' }}</td>
         ╵                                         ^


✘ [ERROR] TS1128: Declaration or statement expected. [plugin angular-compiler]

    src/app/dashboard-charts.component.ts:56:50:
      56 │               <td>{{ exp.amount | number:'1.2-2' }}</td>
         ╵                                                   ^


✘ [ERROR] TS2365: Operator '<' cannot be applied to types 'boolean' and 'RegExp'. [plugin angular-compiler]

    src/app/dashboard-charts.component.ts:56:51:
      56 │               <td>{{ exp.amount | number:'1.2-2' }}</td>
         ╵                                                    ~~~~~


✘ [ERROR] TS2365: Operator '<' cannot be applied to types 'boolean' and 'RegExp'. [plugin angular-compiler]

    src/app/dashboard-charts.component.ts:56:51:
      56 │               <td>{{ exp.amount | number:'1.2-2' }}</td>
         ╵                                                    ~~~~~


✘ [ERROR] TS2365: Operator '<' cannot be applied to types 'boolean' and 'number'. [plugin angular-compiler]

    src/app/dashboard-charts.component.ts:56:51:
      56 │               <td>{{ exp.amount | number:'1.2-2' }}</td>
         ╵                                                    ~~~~~


✘ [ERROR] TS1110: Type expected. [plugin angular-compiler]

    src/app/dashboard-charts.component.ts:56:52:
      56 │               <td>{{ exp.amount | number:'1.2-2' }}</td>
         ╵                                                     ^


✘ [ERROR] TS1161: Unterminated regular expression literal. [plugin angular-compiler]

    src/app/dashboard-charts.component.ts:57:13:
      57 │             </tr>
         ╵              ~~~~


✘ [ERROR] TS1161: Unterminated regular expression literal. [plugin angular-compiler]

    src/app/dashboard-charts.component.ts:58:11:
      58 │           </tbody>
         ╵            ~~~~~~~


✘ [ERROR] TS1161: Unterminated regular expression literal. [plugin angular-compiler]

    src/app/dashboard-charts.component.ts:59:9:
      59 │         </table>
         ╵          ~~~~~~~


✘ [ERROR] TS2304: Cannot find name 'ng'. [plugin angular-compiler]

    src/app/dashboard-charts.component.ts:60:9:
      60 │         <ng-template #noRecent>
         ╵          ~~


✘ [ERROR] TS2304: Cannot find name 'template'. [plugin angular-compiler]

    src/app/dashboard-charts.component.ts:60:12:
      60 │         <ng-template #noRecent>
         ╵             ~~~~~~~~


✘ [ERROR] TS1005: ';' expected. [plugin angular-compiler]

    src/app/dashboard-charts.component.ts:60:21:
      60 │         <ng-template #noRecent>
         ╵                      ~~~~~~~~~


✘ [ERROR] TS2304: Cannot find name 'div'. [plugin angular-compiler]

    src/app/dashboard-charts.component.ts:61:11:
      61 │           <div style="color:#aaa;text-align:center;">No recent exp...
         ╵            ~~~


✘ [ERROR] TS1005: '>' expected. [plugin angular-compiler]

    src/app/dashboard-charts.component.ts:61:15:
      61 │           <div style="color:#aaa;text-align:center;">No recent exp...
         ╵                ~~~~~


✘ [ERROR] TS2304: Cannot find name 'style'. [plugin angular-compiler]

    src/app/dashboard-charts.component.ts:61:15:
      61 │           <div style="color:#aaa;text-align:center;">No recent exp...
         ╵                ~~~~~


✘ [ERROR] TS1005: ';' expected. [plugin angular-compiler]

    src/app/dashboard-charts.component.ts:61:20:
      61 │           <div style="color:#aaa;text-align:center;">No recent exp...
         ╵                     ^


✘ [ERROR] TS2304: Cannot find name 'No'. [plugin angular-compiler]

    src/app/dashboard-charts.component.ts:61:53:
      61 │ ...iv style="color:#aaa;text-align:center;">No recent expenses.</div>
         ╵                                             ~~


✘ [ERROR] TS1005: ';' expected. [plugin angular-compiler]

    src/app/dashboard-charts.component.ts:61:56:
      61 │ ...iv style="color:#aaa;text-align:center;">No recent expenses.</div>
         ╵                                                ~~~~~~


✘ [ERROR] TS2304: Cannot find name 'recent'. [plugin angular-compiler]

    src/app/dashboard-charts.component.ts:61:56:
      61 │ ...iv style="color:#aaa;text-align:center;">No recent expenses.</div>
         ╵                                                ~~~~~~


✘ [ERROR] TS2304: Cannot find name 'expenses'. [plugin angular-compiler]

    src/app/dashboard-charts.component.ts:61:63:
      61 │ ...iv style="color:#aaa;text-align:center;">No recent expenses.</div>
         ╵                                                       ~~~~~~~~


✘ [ERROR] TS2365: Operator '<' cannot be applied to types 'boolean' and 'RegExp'. [plugin angular-compiler]

    src/app/dashboard-charts.component.ts:61:63:
      61 │ ...iv style="color:#aaa;text-align:center;">No recent expenses.</div>
         ╵                                                       ~~~~~~~~~~~~~~~


✘ [ERROR] TS2365: Operator '<' cannot be applied to types 'boolean' and 'RegExp'. [plugin angular-compiler]

    src/app/dashboard-charts.component.ts:61:63:
      61 │ ...iv style="color:#aaa;text-align:center;">No recent expenses.</div>
         ╵                                                       ~~~~~~~~~~~~~~~


✘ [ERROR] TS1003: Identifier expected. [plugin angular-compiler]

    src/app/dashboard-charts.component.ts:61:72:
      61 │ ...iv style="color:#aaa;text-align:center;">No recent expenses.</div>
         ╵                                                                ^


✘ [ERROR] TS1161: Unterminated regular expression literal. [plugin angular-compiler]

    src/app/dashboard-charts.component.ts:61:73:
      61 │ ...iv style="color:#aaa;text-align:center;">No recent expenses.</div>
         ╵                                                                 ~~~~~


✘ [ERROR] TS1161: Unterminated regular expression literal. [plugin angular-compiler]

    src/app/dashboard-charts.component.ts:62:9:
      62 │         </ng-template>
         ╵          ~~~~~~~~~~~~~


✘ [ERROR] TS1161: Unterminated regular expression literal. [plugin angular-compiler]

    src/app/dashboard-charts.component.ts:63:7:
      63 │       </div>
         ╵        ~~~~~


✘ [ERROR] TS1161: Unterminated regular expression literal. [plugin angular-compiler]

    src/app/dashboard-charts.component.ts:64:5:
      64 │     </section>
         ╵      ~~~~~~~~~


✘ [ERROR] TS2349: This expression is not callable.
  Type 'RegExp' has no call signatures. [plugin angular-compiler]

    src/app/dashboard-charts.component.ts:64:5:
      64 │     </section>
         ╵      ~~~~~~~~~


✘ [ERROR] TS1160: Unterminated template literal. [plugin angular-compiler]

    src/app/dashboard-charts.component.ts:139:0:
      139 │ 
          ╵ ^


✘ [ERROR] TS2305: Module '"./dashboard-charts.component"' has no exported member 'DashboardChartsComponent'. [plugin angular-compiler]

    src/app/dashboard.component.ts:4:9:
      4 │ import { DashboardChartsComponent } from './dashboard-charts.compon...
        ╵          ~~~~~~~~~~~~~~~~~~~~~~~~


✘ [ERROR] Unterminated regular expression

    src/app/dashboard-charts.component.ts:2:4:
      2 │ /td>
        ╵     ^


❯ Changes detected. Rebuilding...
✔ Changes detected. Rebuilding...
Application bundle generation failed. [0.121 seconds]

✘ [ERROR] Unterminated regular expression

    src/app/dashboard-charts.component.ts:2:4:
      2 │ /td>
        ╵     ^


✘ [ERROR] TS1005: ',' expected. [plugin angular-compiler]

    src/app/dashboard-charts.component.ts:34:50:
      34 │ ...Total Expenses:</b> ${{ summary?.totalExpense | number:'1.2-2' ...
         ╵                                   ~~


✘ [ERROR] TS1005: ',' expected. [plugin angular-compiler]

    src/app/dashboard-charts.component.ts:34:65:
      34 │ ...l Expenses:</b> ${{ summary?.totalExpense | number:'1.2-2' }}</li>
         ╵                                              ^


✘ [ERROR] TS1005: '}' expected. [plugin angular-compiler]

    src/app/dashboard-charts.component.ts:34:73:
      34 │ ...l Expenses:</b> ${{ summary?.totalExpense | number:'1.2-2' }}</li>
         ╵                                                      ^


✘ [ERROR] TS1005: ':' expected. [plugin angular-compiler]

    src/app/dashboard-charts.component.ts:34:82:
      34 │ ...l Expenses:</b> ${{ summary?.totalExpense | number:'1.2-2' }}</li>
         ╵                                                               ^


✘ [ERROR] TS1005: ',' expected. [plugin angular-compiler]

    src/app/dashboard-charts.component.ts:34:83:
      34 │ ...l Expenses:</b> ${{ summary?.totalExpense | number:'1.2-2' }}</li>
         ╵                                                                ^


✘ [ERROR] TS1110: Type expected. [plugin angular-compiler]

    src/app/dashboard-charts.component.ts:34:85:
      34 │ ...l Expenses:</b> ${{ summary?.totalExpense | number:'1.2-2' }}</li>
         ╵                                                                  ^


✘ [ERROR] TS1005: ',' expected. [plugin angular-compiler]

    src/app/dashboard-charts.component.ts:35:24:
      35 │             <li><b>This Month:</b> ${{ summary?.monthlyExpense | n...
         ╵                         ~~~~~


✘ [ERROR] TS1005: ',' expected. [plugin angular-compiler]

    src/app/dashboard-charts.component.ts:35:29:
      35 │             <li><b>This Month:</b> ${{ summary?.monthlyExpense | n...
         ╵                              ^


✘ [ERROR] TS1110: Type expected. [plugin angular-compiler]

    src/app/dashboard-charts.component.ts:35:31:
      35 │             <li><b>This Month:</b> ${{ summary?.monthlyExpense | n...
         ╵                                ^


✘ [ERROR] TS1005: ',' expected. [plugin angular-compiler]

    src/app/dashboard-charts.component.ts:36:29:
      36 │             <li><b>Categories:</b> {{ summary?.categories.length }...
         ╵                              ^


✘ [ERROR] TS1110: Type expected. [plugin angular-compiler]

    src/app/dashboard-charts.component.ts:36:31:
      36 │             <li><b>Categories:</b> {{ summary?.categories.length }...
         ╵                                ^


✘ [ERROR] TS1110: Type expected. [plugin angular-compiler]

    src/app/dashboard-charts.component.ts:37:11:
      37 │           </ul>
         ╵            ^


✘ [ERROR] TS1161: Unterminated regular expression literal. [plugin angular-compiler]

    src/app/dashboard-charts.component.ts:38:9:
      38 │         </div>
         ╵          ~~~~~


✘ [ERROR] TS1161: Unterminated regular expression literal. [plugin angular-compiler]

    src/app/dashboard-charts.component.ts:39:7:
      39 │       </div>
         ╵        ~~~~~


✘ [ERROR] TS1005: ',' expected. [plugin angular-compiler]

    src/app/dashboard-charts.component.ts:40:11:
      40 │       <div style="margin-top:2.5rem;">
         ╵            ~~~~~


✘ [ERROR] TS1005: ',' expected. [plugin angular-compiler]

    src/app/dashboard-charts.component.ts:41:19:
      41 │         <h3>Recent Expenses</h3>
         ╵                    ~~~~~~~~


✘ [ERROR] TS1161: Unterminated regular expression literal. [plugin angular-compiler]

    src/app/dashboard-charts.component.ts:41:28:
      41 │         <h3>Recent Expenses</h3>
         ╵                             ~~~~


✘ [ERROR] TS1005: ',' expected. [plugin angular-compiler]

    src/app/dashboard-charts.component.ts:42:20:
      42 │         <table *ngIf="summary?.recentExpenses?.length; else noRece...
         ╵                     ^


✘ [ERROR] TS1005: ',' expected. [plugin angular-compiler]

    src/app/dashboard-charts.component.ts:42:70:
      42 │ ...mary?.recentExpenses?.length; else noRecent" class="recent-table">
         ╵                                                 ~~~~~


✘ [ERROR] TS1005: '{' expected. [plugin angular-compiler]

    src/app/dashboard-charts.component.ts:42:75:
      42 │ ...mary?.recentExpenses?.length; else noRecent" class="recent-table">
         ╵                                                      ^


✘ [ERROR] TS1161: Unterminated regular expression literal. [plugin angular-compiler]

    src/app/dashboard-charts.component.ts:45:23:
      45 │               <th>Date</th>
         ╵                        ~~~~


✘ [ERROR] TS1161: Unterminated regular expression literal. [plugin angular-compiler]

    src/app/dashboard-charts.component.ts:46:27:
      46 │               <th>Category</th>
         ╵                            ~~~~


✘ [ERROR] TS1161: Unterminated regular expression literal. [plugin angular-compiler]

    src/app/dashboard-charts.component.ts:47:30:
      47 │               <th>Description</th>
         ╵                               ~~~~


✘ [ERROR] TS1161: Unterminated regular expression literal. [plugin angular-compiler]

    src/app/dashboard-charts.component.ts:48:25:
      48 │               <th>Amount</th>
         ╵                          ~~~~


✘ [ERROR] TS1161: Unterminated regular expression literal. [plugin angular-compiler]

    src/app/dashboard-charts.component.ts:49:13:
      49 │             </tr>
         ╵              ~~~~


✘ [ERROR] TS1161: Unterminated regular expression literal. [plugin angular-compiler]

    src/app/dashboard-charts.component.ts:50:11:
      50 │           </thead>
         ╵            ~~~~~~~


✘ [ERROR] TS1005: '>' expected. [plugin angular-compiler]

    src/app/dashboard-charts.component.ts:52:16:
      52 │             <tr *ngFor="let exp of summary?.recentExpenses">
         ╵                 ^


✘ [ERROR] TS1005: ',' expected. [plugin angular-compiler]

    src/app/dashboard-charts.component.ts:52:22:
      52 │             <tr *ngFor="let exp of summary?.recentExpenses">
         ╵                       ^


✘ [ERROR] TS1136: Property assignment expected. [plugin angular-compiler]

    src/app/dashboard-charts.component.ts:53:19:
      53 │               <td>{{ exp.date | date: 'yyyy-MM-dd'}}</td>
         ╵                    ^


✘ [ERROR] TS1005: ',' expected. [plugin angular-compiler]

    src/app/dashboard-charts.component.ts:53:24:
      53 │               <td>{{ exp.date | date: 'yyyy-MM-dd'}}</td>
         ╵                         ^


✘ [ERROR] TS1005: ',' expected. [plugin angular-compiler]

    src/app/dashboard-charts.component.ts:53:36:
      53 │               <td>{{ exp.date | date: 'yyyy-MM-dd'}}</td>
         ╵                                     ^


✘ [ERROR] TS1005: ':' expected. [plugin angular-compiler]

    src/app/dashboard-charts.component.ts:53:50:
      53 │               <td>{{ exp.date | date: 'yyyy-MM-dd'}}</td>
         ╵                                                   ^


✘ [ERROR] TS1005: ',' expected. [plugin angular-compiler]

    src/app/dashboard-charts.component.ts:53:51:
      53 │               <td>{{ exp.date | date: 'yyyy-MM-dd'}}</td>
         ╵                                                    ^


✘ [ERROR] TS1110: Type expected. [plugin angular-compiler]

    src/app/dashboard-charts.component.ts:53:53:
      53 │               <td>{{ exp.date | date: 'yyyy-MM-dd'}}</td>
         ╵                                                      ^


✘ [ERROR] TS1136: Property assignment expected. [plugin angular-compiler]

    src/app/dashboard-charts.component.ts:54:19:
      54 │               <td>{{ categoryName(exp.category) }}</td>
         ╵                    ^


✘ [ERROR] TS1005: ',' expected. [plugin angular-compiler]

    src/app/dashboard-charts.component.ts:54:37:
      54 │               <td>{{ categoryName(exp.category) }}</td>
         ╵                                      ^


✘ [ERROR] TS1005: ',' expected. [plugin angular-compiler]

    src/app/dashboard-charts.component.ts:54:46:
      54 │               <td>{{ categoryName(exp.category) }}</td>
         ╵                                               ^


✘ [ERROR] TS1146: Declaration expected. [plugin angular-compiler]

    src/app/dashboard-charts.component.ts:54:47:
      54 │               <td>{{ categoryName(exp.category) }}</td>
         ╵                                                ^


✘ [ERROR] TS1128: Declaration or statement expected. [plugin angular-compiler]

    src/app/dashboard-charts.component.ts:54:48:
      54 │               <td>{{ categoryName(exp.category) }}</td>
         ╵                                                 ^


✘ [ERROR] TS1128: Declaration or statement expected. [plugin angular-compiler]

    src/app/dashboard-charts.component.ts:54:49:
      54 │               <td>{{ categoryName(exp.category) }}</td>
         ╵                                                  ^


✘ [ERROR] TS2365: Operator '>' cannot be applied to types 'boolean' and '{}'. [plugin angular-compiler]

    src/app/dashboard-charts.component.ts:54:50:
      54 │               <td>{{ categoryName(exp.category) }}</td>
         ╵                                                   ~~~~~


✘ [ERROR] TS1110: Type expected. [plugin angular-compiler]

    src/app/dashboard-charts.component.ts:54:51:
      54 │               <td>{{ categoryName(exp.category) }}</td>
         ╵                                                    ^


✘ [ERROR] TS2304: Cannot find name 'td'. [plugin angular-compiler]

    src/app/dashboard-charts.component.ts:55:15:
      55 │               <td>{{ exp.description }}</td>
         ╵                ~~


✘ [ERROR] TS1136: Property assignment expected. [plugin angular-compiler]

    src/app/dashboard-charts.component.ts:55:19:
      55 │               <td>{{ exp.description }}</td>
         ╵                    ^


✘ [ERROR] TS2304: Cannot find name 'exp'. [plugin angular-compiler]

    src/app/dashboard-charts.component.ts:55:21:
      55 │               <td>{{ exp.description }}</td>
         ╵                      ~~~


✘ [ERROR] TS1128: Declaration or statement expected. [plugin angular-compiler]

    src/app/dashboard-charts.component.ts:55:38:
      55 │               <td>{{ exp.description }}</td>
         ╵                                       ^


✘ [ERROR] TS2365: Operator '>' cannot be applied to types 'boolean' and '{}'. [plugin angular-compiler]

    src/app/dashboard-charts.component.ts:55:39:
      55 │               <td>{{ exp.description }}</td>
         ╵                                        ~~~~~


✘ [ERROR] TS1110: Type expected. [plugin angular-compiler]

    src/app/dashboard-charts.component.ts:55:40:
      55 │               <td>{{ exp.description }}</td>
         ╵                                         ^


✘ [ERROR] TS2304: Cannot find name 'td'. [plugin angular-compiler]

    src/app/dashboard-charts.component.ts:56:15:
      56 │               <td>{{ exp.amount | number:'1.2-2' }}</td>
         ╵                ~~


✘ [ERROR] TS1136: Property assignment expected. [plugin angular-compiler]

    src/app/dashboard-charts.component.ts:56:19:
      56 │               <td>{{ exp.amount | number:'1.2-2' }}</td>
         ╵                    ^


✘ [ERROR] TS2304: Cannot find name 'exp'. [plugin angular-compiler]

    src/app/dashboard-charts.component.ts:56:21:
      56 │               <td>{{ exp.amount | number:'1.2-2' }}</td>
         ╵                      ~~~


✘ [ERROR] TS2693: 'number' only refers to a type, but is being used as a value here. [plugin angular-compiler]

    src/app/dashboard-charts.component.ts:56:34:
      56 │               <td>{{ exp.amount | number:'1.2-2' }}</td>
         ╵                                   ~~~~~~


✘ [ERROR] TS1005: ';' expected. [plugin angular-compiler]

    src/app/dashboard-charts.component.ts:56:40:
      56 │               <td>{{ exp.amount | number:'1.2-2' }}</td>
         ╵                                         ^


✘ [ERROR] TS1128: Declaration or statement expected. [plugin angular-compiler]

    src/app/dashboard-charts.component.ts:56:50:
      56 │               <td>{{ exp.amount | number:'1.2-2' }}</td>
         ╵                                                   ^


✘ [ERROR] TS2365: Operator '<' cannot be applied to types 'boolean' and 'RegExp'. [plugin angular-compiler]

    src/app/dashboard-charts.component.ts:56:51:
      56 │               <td>{{ exp.amount | number:'1.2-2' }}</td>
         ╵                                                    ~~~~~


✘ [ERROR] TS2365: Operator '<' cannot be applied to types 'boolean' and 'RegExp'. [plugin angular-compiler]

    src/app/dashboard-charts.component.ts:56:51:
      56 │               <td>{{ exp.amount | number:'1.2-2' }}</td>
         ╵                                                    ~~~~~


✘ [ERROR] TS2365: Operator '<' cannot be applied to types 'boolean' and 'number'. [plugin angular-compiler]

    src/app/dashboard-charts.component.ts:56:51:
      56 │               <td>{{ exp.amount | number:'1.2-2' }}</td>
         ╵                                                    ~~~~~


✘ [ERROR] TS1110: Type expected. [plugin angular-compiler]

    src/app/dashboard-charts.component.ts:56:52:
      56 │               <td>{{ exp.amount | number:'1.2-2' }}</td>
         ╵                                                     ^


✘ [ERROR] TS1161: Unterminated regular expression literal. [plugin angular-compiler]

    src/app/dashboard-charts.component.ts:57:13:
      57 │             </tr>
         ╵              ~~~~


✘ [ERROR] TS1161: Unterminated regular expression literal. [plugin angular-compiler]

    src/app/dashboard-charts.component.ts:58:11:
      58 │           </tbody>
         ╵            ~~~~~~~


✘ [ERROR] TS1161: Unterminated regular expression literal. [plugin angular-compiler]

    src/app/dashboard-charts.component.ts:59:9:
      59 │         </table>
         ╵          ~~~~~~~


✘ [ERROR] TS2304: Cannot find name 'ng'. [plugin angular-compiler]

    src/app/dashboard-charts.component.ts:60:9:
      60 │         <ng-template #noRecent>
         ╵          ~~


✘ [ERROR] TS2304: Cannot find name 'template'. [plugin angular-compiler]

    src/app/dashboard-charts.component.ts:60:12:
      60 │         <ng-template #noRecent>
         ╵             ~~~~~~~~


✘ [ERROR] TS1005: ';' expected. [plugin angular-compiler]

    src/app/dashboard-charts.component.ts:60:21:
      60 │         <ng-template #noRecent>
         ╵                      ~~~~~~~~~


✘ [ERROR] TS2304: Cannot find name 'div'. [plugin angular-compiler]

    src/app/dashboard-charts.component.ts:61:11:
      61 │           <div style="color:#aaa;text-align:center;">No recent exp...
         ╵            ~~~


✘ [ERROR] TS1005: '>' expected. [plugin angular-compiler]

    src/app/dashboard-charts.component.ts:61:15:
      61 │           <div style="color:#aaa;text-align:center;">No recent exp...
         ╵                ~~~~~


✘ [ERROR] TS2304: Cannot find name 'style'. [plugin angular-compiler]

    src/app/dashboard-charts.component.ts:61:15:
      61 │           <div style="color:#aaa;text-align:center;">No recent exp...
         ╵                ~~~~~


✘ [ERROR] TS1005: ';' expected. [plugin angular-compiler]

    src/app/dashboard-charts.component.ts:61:20:
      61 │           <div style="color:#aaa;text-align:center;">No recent exp...
         ╵                     ^


✘ [ERROR] TS2304: Cannot find name 'No'. [plugin angular-compiler]

    src/app/dashboard-charts.component.ts:61:53:
      61 │ ...iv style="color:#aaa;text-align:center;">No recent expenses.</div>
         ╵                                             ~~


✘ [ERROR] TS1005: ';' expected. [plugin angular-compiler]

    src/app/dashboard-charts.component.ts:61:56:
      61 │ ...iv style="color:#aaa;text-align:center;">No recent expenses.</div>
         ╵                                                ~~~~~~


✘ [ERROR] TS2304: Cannot find name 'recent'. [plugin angular-compiler]

    src/app/dashboard-charts.component.ts:61:56:
      61 │ ...iv style="color:#aaa;text-align:center;">No recent expenses.</div>
         ╵                                                ~~~~~~


✘ [ERROR] TS2304: Cannot find name 'expenses'. [plugin angular-compiler]

    src/app/dashboard-charts.component.ts:61:63:
      61 │ ...iv style="color:#aaa;text-align:center;">No recent expenses.</div>
         ╵                                                       ~~~~~~~~


✘ [ERROR] TS2365: Operator '<' cannot be applied to types 'boolean' and 'RegExp'. [plugin angular-compiler]

    src/app/dashboard-charts.component.ts:61:63:
      61 │ ...iv style="color:#aaa;text-align:center;">No recent expenses.</div>
         ╵                                                       ~~~~~~~~~~~~~~~


✘ [ERROR] TS2365: Operator '<' cannot be applied to types 'boolean' and 'RegExp'. [plugin angular-compiler]

    src/app/dashboard-charts.component.ts:61:63:
      61 │ ...iv style="color:#aaa;text-align:center;">No recent expenses.</div>
         ╵                                                       ~~~~~~~~~~~~~~~


✘ [ERROR] TS1003: Identifier expected. [plugin angular-compiler]

    src/app/dashboard-charts.component.ts:61:72:
      61 │ ...iv style="color:#aaa;text-align:center;">No recent expenses.</div>
         ╵                                                                ^


✘ [ERROR] TS1161: Unterminated regular expression literal. [plugin angular-compiler]

    src/app/dashboard-charts.component.ts:61:73:
      61 │ ...iv style="color:#aaa;text-align:center;">No recent expenses.</div>
         ╵                                                                 ~~~~~


✘ [ERROR] TS1161: Unterminated regular expression literal. [plugin angular-compiler]

    src/app/dashboard-charts.component.ts:62:9:
      62 │         </ng-template>
         ╵          ~~~~~~~~~~~~~


✘ [ERROR] TS1161: Unterminated regular expression literal. [plugin angular-compiler]

    src/app/dashboard-charts.component.ts:63:7:
      63 │       </div>
         ╵        ~~~~~


✘ [ERROR] TS1161: Unterminated regular expression literal. [plugin angular-compiler]

    src/app/dashboard-charts.component.ts:64:5:
      64 │     </section>
         ╵      ~~~~~~~~~


✘ [ERROR] TS2349: This expression is not callable.
  Type 'RegExp' has no call signatures. [plugin angular-compiler]

    src/app/dashboard-charts.component.ts:64:5:
      64 │     </section>
         ╵      ~~~~~~~~~


✘ [ERROR] TS1160: Unterminated template literal. [plugin angular-compiler]

    src/app/dashboard-charts.component.ts:139:0:
      139 │ 
          ╵ ^


✘ [ERROR] TS2305: Module '"./dashboard-charts.component"' has no exported member 'DashboardChartsComponent'. [plugin angular-compiler]

    src/app/dashboard.component.ts:4:9:
      4 │ import { DashboardChartsComponent } from './dashboard-charts.compon...
        ╵          ~~~~~~~~~~~~~~~~~~~~~~~~


✘ [ERROR] Unterminated regular expression

    src/app/dashboard-charts.component.ts:2:4:
      2 │ /td>
        ╵     ^


❯ Changes detected. Rebuilding...
✔ Changes detected. Rebuilding...
Application bundle generation failed. [0.132 seconds]

✘ [ERROR] Unterminated regular expression

    src/app/dashboard-charts.component.ts:2:4:
      2 │ /td>
        ╵     ^


✘ [ERROR] TS1005: ',' expected. [plugin angular-compiler]

    src/app/dashboard-charts.component.ts:34:50:
      34 │ ...Total Expenses:</b> ${{ summary?.totalExpense | number:'1.2-2' ...
         ╵                                   ~~


✘ [ERROR] TS1005: ',' expected. [plugin angular-compiler]

    src/app/dashboard-charts.component.ts:34:65:
      34 │ ...l Expenses:</b> ${{ summary?.totalExpense | number:'1.2-2' }}</li>
         ╵                                              ^


✘ [ERROR] TS1005: '}' expected. [plugin angular-compiler]

    src/app/dashboard-charts.component.ts:34:73:
      34 │ ...l Expenses:</b> ${{ summary?.totalExpense | number:'1.2-2' }}</li>
         ╵                                                      ^


✘ [ERROR] TS1005: ':' expected. [plugin angular-compiler]

    src/app/dashboard-charts.component.ts:34:82:
      34 │ ...l Expenses:</b> ${{ summary?.totalExpense | number:'1.2-2' }}</li>
         ╵                                                               ^


✘ [ERROR] TS1005: ',' expected. [plugin angular-compiler]

    src/app/dashboard-charts.component.ts:34:83:
      34 │ ...l Expenses:</b> ${{ summary?.totalExpense | number:'1.2-2' }}</li>
         ╵                                                                ^


✘ [ERROR] TS1110: Type expected. [plugin angular-compiler]

    src/app/dashboard-charts.component.ts:34:85:
      34 │ ...l Expenses:</b> ${{ summary?.totalExpense | number:'1.2-2' }}</li>
         ╵                                                                  ^


✘ [ERROR] TS1005: ',' expected. [plugin angular-compiler]

    src/app/dashboard-charts.component.ts:35:24:
      35 │             <li><b>This Month:</b> ${{ summary?.monthlyExpense | n...
         ╵                         ~~~~~


✘ [ERROR] TS1005: ',' expected. [plugin angular-compiler]

    src/app/dashboard-charts.component.ts:35:29:
      35 │             <li><b>This Month:</b> ${{ summary?.monthlyExpense | n...
         ╵                              ^


✘ [ERROR] TS1110: Type expected. [plugin angular-compiler]

    src/app/dashboard-charts.component.ts:35:31:
      35 │             <li><b>This Month:</b> ${{ summary?.monthlyExpense | n...
         ╵                                ^


✘ [ERROR] TS1005: ',' expected. [plugin angular-compiler]

    src/app/dashboard-charts.component.ts:36:29:
      36 │             <li><b>Categories:</b> {{ summary?.categories.length }...
         ╵                              ^


✘ [ERROR] TS1110: Type expected. [plugin angular-compiler]

    src/app/dashboard-charts.component.ts:36:31:
      36 │             <li><b>Categories:</b> {{ summary?.categories.length }...
         ╵                                ^


✘ [ERROR] TS1110: Type expected. [plugin angular-compiler]

    src/app/dashboard-charts.component.ts:37:11:
      37 │           </ul>
         ╵            ^


✘ [ERROR] TS1161: Unterminated regular expression literal. [plugin angular-compiler]

    src/app/dashboard-charts.component.ts:38:9:
      38 │         </div>
         ╵          ~~~~~


✘ [ERROR] TS1161: Unterminated regular expression literal. [plugin angular-compiler]

    src/app/dashboard-charts.component.ts:39:7:
      39 │       </div>
         ╵        ~~~~~


✘ [ERROR] TS1005: ',' expected. [plugin angular-compiler]

    src/app/dashboard-charts.component.ts:40:11:
      40 │       <div style="margin-top:2.5rem;">
         ╵            ~~~~~


✘ [ERROR] TS1005: ',' expected. [plugin angular-compiler]

    src/app/dashboard-charts.component.ts:41:19:
      41 │         <h3>Recent Expenses</h3>
         ╵                    ~~~~~~~~


✘ [ERROR] TS1161: Unterminated regular expression literal. [plugin angular-compiler]

    src/app/dashboard-charts.component.ts:41:28:
      41 │         <h3>Recent Expenses</h3>
         ╵                             ~~~~


✘ [ERROR] TS1005: ',' expected. [plugin angular-compiler]

    src/app/dashboard-charts.component.ts:42:20:
      42 │         <table *ngIf="summary?.recentExpenses?.length; else noRece...
         ╵                     ^


✘ [ERROR] TS1005: ',' expected. [plugin angular-compiler]

    src/app/dashboard-charts.component.ts:42:70:
      42 │ ...mary?.recentExpenses?.length; else noRecent" class="recent-table">
         ╵                                                 ~~~~~


✘ [ERROR] TS1005: '{' expected. [plugin angular-compiler]

    src/app/dashboard-charts.component.ts:42:75:
      42 │ ...mary?.recentExpenses?.length; else noRecent" class="recent-table">
         ╵                                                      ^


✘ [ERROR] TS1161: Unterminated regular expression literal. [plugin angular-compiler]

    src/app/dashboard-charts.component.ts:45:23:
      45 │               <th>Date</th>
         ╵                        ~~~~


✘ [ERROR] TS1161: Unterminated regular expression literal. [plugin angular-compiler]

    src/app/dashboard-charts.component.ts:46:27:
      46 │               <th>Category</th>
         ╵                            ~~~~


✘ [ERROR] TS1161: Unterminated regular expression literal. [plugin angular-compiler]

    src/app/dashboard-charts.component.ts:47:30:
      47 │               <th>Description</th>
         ╵                               ~~~~


✘ [ERROR] TS1161: Unterminated regular expression literal. [plugin angular-compiler]

    src/app/dashboard-charts.component.ts:48:25:
      48 │               <th>Amount</th>
         ╵                          ~~~~


✘ [ERROR] TS1161: Unterminated regular expression literal. [plugin angular-compiler]

    src/app/dashboard-charts.component.ts:49:13:
      49 │             </tr>
         ╵              ~~~~


✘ [ERROR] TS1161: Unterminated regular expression literal. [plugin angular-compiler]

    src/app/dashboard-charts.component.ts:50:11:
      50 │           </thead>
         ╵            ~~~~~~~


✘ [ERROR] TS1005: '>' expected. [plugin angular-compiler]

    src/app/dashboard-charts.component.ts:52:16:
      52 │             <tr *ngFor="let exp of summary?.recentExpenses">
         ╵                 ^


✘ [ERROR] TS1005: ',' expected. [plugin angular-compiler]

    src/app/dashboard-charts.component.ts:52:22:
      52 │             <tr *ngFor="let exp of summary?.recentExpenses">
         ╵                       ^


✘ [ERROR] TS1136: Property assignment expected. [plugin angular-compiler]

    src/app/dashboard-charts.component.ts:53:19:
      53 │               <td>{{ exp.date | date: 'yyyy-MM-dd'}}</td>
         ╵                    ^


✘ [ERROR] TS1005: ',' expected. [plugin angular-compiler]

    src/app/dashboard-charts.component.ts:53:24:
      53 │               <td>{{ exp.date | date: 'yyyy-MM-dd'}}</td>
         ╵                         ^


✘ [ERROR] TS1005: ',' expected. [plugin angular-compiler]

    src/app/dashboard-charts.component.ts:53:36:
      53 │               <td>{{ exp.date | date: 'yyyy-MM-dd'}}</td>
         ╵                                     ^


✘ [ERROR] TS1005: ':' expected. [plugin angular-compiler]

    src/app/dashboard-charts.component.ts:53:50:
      53 │               <td>{{ exp.date | date: 'yyyy-MM-dd'}}</td>
         ╵                                                   ^


✘ [ERROR] TS1005: ',' expected. [plugin angular-compiler]

    src/app/dashboard-charts.component.ts:53:51:
      53 │               <td>{{ exp.date | date: 'yyyy-MM-dd'}}</td>
         ╵                                                    ^


✘ [ERROR] TS1110: Type expected. [plugin angular-compiler]

    src/app/dashboard-charts.component.ts:53:53:
      53 │               <td>{{ exp.date | date: 'yyyy-MM-dd'}}</td>
         ╵                                                      ^


✘ [ERROR] TS1136: Property assignment expected. [plugin angular-compiler]

    src/app/dashboard-charts.component.ts:54:19:
      54 │               <td>{{ categoryName(exp.category) }}</td>
         ╵                    ^


✘ [ERROR] TS1005: ',' expected. [plugin angular-compiler]

    src/app/dashboard-charts.component.ts:54:37:
      54 │               <td>{{ categoryName(exp.category) }}</td>
         ╵                                      ^


✘ [ERROR] TS1005: ',' expected. [plugin angular-compiler]

    src/app/dashboard-charts.component.ts:54:46:
      54 │               <td>{{ categoryName(exp.category) }}</td>
         ╵                                               ^


✘ [ERROR] TS1146: Declaration expected. [plugin angular-compiler]

    src/app/dashboard-charts.component.ts:54:47:
      54 │               <td>{{ categoryName(exp.category) }}</td>
         ╵                                                ^


✘ [ERROR] TS1128: Declaration or statement expected. [plugin angular-compiler]

    src/app/dashboard-charts.component.ts:54:48:
      54 │               <td>{{ categoryName(exp.category) }}</td>
         ╵                                                 ^


✘ [ERROR] TS1128: Declaration or statement expected. [plugin angular-compiler]

    src/app/dashboard-charts.component.ts:54:49:
      54 │               <td>{{ categoryName(exp.category) }}</td>
         ╵                                                  ^


✘ [ERROR] TS2365: Operator '>' cannot be applied to types 'boolean' and '{}'. [plugin angular-compiler]

    src/app/dashboard-charts.component.ts:54:50:
      54 │               <td>{{ categoryName(exp.category) }}</td>
         ╵                                                   ~~~~~


✘ [ERROR] TS1110: Type expected. [plugin angular-compiler]

    src/app/dashboard-charts.component.ts:54:51:
      54 │               <td>{{ categoryName(exp.category) }}</td>
         ╵                                                    ^


✘ [ERROR] TS2304: Cannot find name 'td'. [plugin angular-compiler]

    src/app/dashboard-charts.component.ts:55:15:
      55 │               <td>{{ exp.description }}</td>
         ╵                ~~


✘ [ERROR] TS1136: Property assignment expected. [plugin angular-compiler]

    src/app/dashboard-charts.component.ts:55:19:
      55 │               <td>{{ exp.description }}</td>
         ╵                    ^


✘ [ERROR] TS2304: Cannot find name 'exp'. [plugin angular-compiler]

    src/app/dashboard-charts.component.ts:55:21:
      55 │               <td>{{ exp.description }}</td>
         ╵                      ~~~


✘ [ERROR] TS1128: Declaration or statement expected. [plugin angular-compiler]

    src/app/dashboard-charts.component.ts:55:38:
      55 │               <td>{{ exp.description }}</td>
         ╵                                       ^


✘ [ERROR] TS2365: Operator '>' cannot be applied to types 'boolean' and '{}'. [plugin angular-compiler]

    src/app/dashboard-charts.component.ts:55:39:
      55 │               <td>{{ exp.description }}</td>
         ╵                                        ~~~~~


✘ [ERROR] TS1110: Type expected. [plugin angular-compiler]

    src/app/dashboard-charts.component.ts:55:40:
      55 │               <td>{{ exp.description }}</td>
         ╵                                         ^


✘ [ERROR] TS2304: Cannot find name 'td'. [plugin angular-compiler]

    src/app/dashboard-charts.component.ts:56:15:
      56 │               <td>{{ exp.amount | number:'1.2-2' }}</td>
         ╵                ~~


✘ [ERROR] TS1136: Property assignment expected. [plugin angular-compiler]

    src/app/dashboard-charts.component.ts:56:19:
      56 │               <td>{{ exp.amount | number:'1.2-2' }}</td>
         ╵                    ^


✘ [ERROR] TS2304: Cannot find name 'exp'. [plugin angular-compiler]

    src/app/dashboard-charts.component.ts:56:21:
      56 │               <td>{{ exp.amount | number:'1.2-2' }}</td>
         ╵                      ~~~


✘ [ERROR] TS2693: 'number' only refers to a type, but is being used as a value here. [plugin angular-compiler]

    src/app/dashboard-charts.component.ts:56:34:
      56 │               <td>{{ exp.amount | number:'1.2-2' }}</td>
         ╵                                   ~~~~~~


✘ [ERROR] TS1005: ';' expected. [plugin angular-compiler]

    src/app/dashboard-charts.component.ts:56:40:
      56 │               <td>{{ exp.amount | number:'1.2-2' }}</td>
         ╵                                         ^


✘ [ERROR] TS1128: Declaration or statement expected. [plugin angular-compiler]

    src/app/dashboard-charts.component.ts:56:50:
      56 │               <td>{{ exp.amount | number:'1.2-2' }}</td>
         ╵                                                   ^


✘ [ERROR] TS2365: Operator '<' cannot be applied to types 'boolean' and 'RegExp'. [plugin angular-compiler]

    src/app/dashboard-charts.component.ts:56:51:
      56 │               <td>{{ exp.amount | number:'1.2-2' }}</td>
         ╵                                                    ~~~~~


✘ [ERROR] TS2365: Operator '<' cannot be applied to types 'boolean' and 'RegExp'. [plugin angular-compiler]

    src/app/dashboard-charts.component.ts:56:51:
      56 │               <td>{{ exp.amount | number:'1.2-2' }}</td>
         ╵                                                    ~~~~~


✘ [ERROR] TS2365: Operator '<' cannot be applied to types 'boolean' and 'number'. [plugin angular-compiler]

    src/app/dashboard-charts.component.ts:56:51:
      56 │               <td>{{ exp.amount | number:'1.2-2' }}</td>
         ╵                                                    ~~~~~


✘ [ERROR] TS1110: Type expected. [plugin angular-compiler]

    src/app/dashboard-charts.component.ts:56:52:
      56 │               <td>{{ exp.amount | number:'1.2-2' }}</td>
         ╵                                                     ^


✘ [ERROR] TS1161: Unterminated regular expression literal. [plugin angular-compiler]

    src/app/dashboard-charts.component.ts:57:13:
      57 │             </tr>
         ╵              ~~~~


✘ [ERROR] TS1161: Unterminated regular expression literal. [plugin angular-compiler]

    src/app/dashboard-charts.component.ts:58:11:
      58 │           </tbody>
         ╵            ~~~~~~~


✘ [ERROR] TS1161: Unterminated regular expression literal. [plugin angular-compiler]

    src/app/dashboard-charts.component.ts:59:9:
      59 │         </table>
         ╵          ~~~~~~~


✘ [ERROR] TS2304: Cannot find name 'ng'. [plugin angular-compiler]

    src/app/dashboard-charts.component.ts:60:9:
      60 │         <ng-template #noRecent>
         ╵          ~~


✘ [ERROR] TS2304: Cannot find name 'template'. [plugin angular-compiler]

    src/app/dashboard-charts.component.ts:60:12:
      60 │         <ng-template #noRecent>
         ╵             ~~~~~~~~


✘ [ERROR] TS1005: ';' expected. [plugin angular-compiler]

    src/app/dashboard-charts.component.ts:60:21:
      60 │         <ng-template #noRecent>
         ╵                      ~~~~~~~~~


✘ [ERROR] TS2304: Cannot find name 'div'. [plugin angular-compiler]

    src/app/dashboard-charts.component.ts:61:11:
      61 │           <div style="color:#aaa;text-align:center;">No recent exp...
         ╵            ~~~


✘ [ERROR] TS1005: '>' expected. [plugin angular-compiler]

    src/app/dashboard-charts.component.ts:61:15:
      61 │           <div style="color:#aaa;text-align:center;">No recent exp...
         ╵                ~~~~~


✘ [ERROR] TS2304: Cannot find name 'style'. [plugin angular-compiler]

    src/app/dashboard-charts.component.ts:61:15:
      61 │           <div style="color:#aaa;text-align:center;">No recent exp...
         ╵                ~~~~~


✘ [ERROR] TS1005: ';' expected. [plugin angular-compiler]

    src/app/dashboard-charts.component.ts:61:20:
      61 │           <div style="color:#aaa;text-align:center;">No recent exp...
         ╵                     ^


✘ [ERROR] TS2304: Cannot find name 'No'. [plugin angular-compiler]

    src/app/dashboard-charts.component.ts:61:53:
      61 │ ...iv style="color:#aaa;text-align:center;">No recent expenses.</div>
         ╵                                             ~~


✘ [ERROR] TS1005: ';' expected. [plugin angular-compiler]

    src/app/dashboard-charts.component.ts:61:56:
      61 │ ...iv style="color:#aaa;text-align:center;">No recent expenses.</div>
         ╵                                                ~~~~~~


✘ [ERROR] TS2304: Cannot find name 'recent'. [plugin angular-compiler]

    src/app/dashboard-charts.component.ts:61:56:
      61 │ ...iv style="color:#aaa;text-align:center;">No recent expenses.</div>
         ╵                                                ~~~~~~


✘ [ERROR] TS2304: Cannot find name 'expenses'. [plugin angular-compiler]

    src/app/dashboard-charts.component.ts:61:63:
      61 │ ...iv style="color:#aaa;text-align:center;">No recent expenses.</div>
         ╵                                                       ~~~~~~~~


✘ [ERROR] TS2365: Operator '<' cannot be applied to types 'boolean' and 'RegExp'. [plugin angular-compiler]

    src/app/dashboard-charts.component.ts:61:63:
      61 │ ...iv style="color:#aaa;text-align:center;">No recent expenses.</div>
         ╵                                                       ~~~~~~~~~~~~~~~


✘ [ERROR] TS2365: Operator '<' cannot be applied to types 'boolean' and 'RegExp'. [plugin angular-compiler]

    src/app/dashboard-charts.component.ts:61:63:
      61 │ ...iv style="color:#aaa;text-align:center;">No recent expenses.</div>
         ╵                                                       ~~~~~~~~~~~~~~~


✘ [ERROR] TS1003: Identifier expected. [plugin angular-compiler]

    src/app/dashboard-charts.component.ts:61:72:
      61 │ ...iv style="color:#aaa;text-align:center;">No recent expenses.</div>
         ╵                                                                ^


✘ [ERROR] TS1161: Unterminated regular expression literal. [plugin angular-compiler]

    src/app/dashboard-charts.component.ts:61:73:
      61 │ ...iv style="color:#aaa;text-align:center;">No recent expenses.</div>
         ╵                                                                 ~~~~~


✘ [ERROR] TS1161: Unterminated regular expression literal. [plugin angular-compiler]

    src/app/dashboard-charts.component.ts:62:9:
      62 │         </ng-template>
         ╵          ~~~~~~~~~~~~~


✘ [ERROR] TS1161: Unterminated regular expression literal. [plugin angular-compiler]

    src/app/dashboard-charts.component.ts:63:7:
      63 │       </div>
         ╵        ~~~~~


✘ [ERROR] TS1161: Unterminated regular expression literal. [plugin angular-compiler]

    src/app/dashboard-charts.component.ts:64:5:
      64 │     </section>
         ╵      ~~~~~~~~~


✘ [ERROR] TS2349: This expression is not callable.
  Type 'RegExp' has no call signatures. [plugin angular-compiler]

    src/app/dashboard-charts.component.ts:64:5:
      64 │     </section>
         ╵      ~~~~~~~~~


✘ [ERROR] TS1160: Unterminated template literal. [plugin angular-compiler]

    src/app/dashboard-charts.component.ts:139:0:
      139 │ 
          ╵ ^


✘ [ERROR] TS2305: Module '"./dashboard-charts.component"' has no exported member 'DashboardChartsComponent'. [plugin angular-compiler]

    src/app/dashboard.component.ts:4:9:
      4 │ import { DashboardChartsComponent } from './dashboard-charts.compon...
        ╵          ~~~~~~~~~~~~~~~~~~~~~~~~


✘ [ERROR] Unterminated regular expression

    src/app/dashboard-charts.component.ts:2:4:
      2 │ /td>
        ╵     ^


❯ Changes detected. Rebuilding...
✔ Changes detected. Rebuilding...
Application bundle generation failed. [0.158 seconds]

✘ [ERROR] Unterminated regular expression

    src/app/dashboard-charts.component.ts:2:4:
      2 │ /td>
        ╵     ^


✘ [ERROR] TS1005: ',' expected. [plugin angular-compiler]

    src/app/dashboard-charts.component.ts:34:50:
      34 │ ...Total Expenses:</b> ${{ summary?.totalExpense | number:'1.2-2' ...
         ╵                                   ~~


✘ [ERROR] TS1005: ',' expected. [plugin angular-compiler]

    src/app/dashboard-charts.component.ts:34:65:
      34 │ ...l Expenses:</b> ${{ summary?.totalExpense | number:'1.2-2' }}</li>
         ╵                                              ^


✘ [ERROR] TS1005: '}' expected. [plugin angular-compiler]

    src/app/dashboard-charts.component.ts:34:73:
      34 │ ...l Expenses:</b> ${{ summary?.totalExpense | number:'1.2-2' }}</li>
         ╵                                                      ^


✘ [ERROR] TS1005: ':' expected. [plugin angular-compiler]

    src/app/dashboard-charts.component.ts:34:82:
      34 │ ...l Expenses:</b> ${{ summary?.totalExpense | number:'1.2-2' }}</li>
         ╵                                                               ^


✘ [ERROR] TS1005: ',' expected. [plugin angular-compiler]

    src/app/dashboard-charts.component.ts:34:83:
      34 │ ...l Expenses:</b> ${{ summary?.totalExpense | number:'1.2-2' }}</li>
         ╵                                                                ^


✘ [ERROR] TS1110: Type expected. [plugin angular-compiler]

    src/app/dashboard-charts.component.ts:34:85:
      34 │ ...l Expenses:</b> ${{ summary?.totalExpense | number:'1.2-2' }}</li>
         ╵                                                                  ^


✘ [ERROR] TS1005: ',' expected. [plugin angular-compiler]

    src/app/dashboard-charts.component.ts:35:24:
      35 │             <li><b>This Month:</b> ${{ summary?.monthlyExpense | n...
         ╵                         ~~~~~


✘ [ERROR] TS1005: ',' expected. [plugin angular-compiler]

    src/app/dashboard-charts.component.ts:35:29:
      35 │             <li><b>This Month:</b> ${{ summary?.monthlyExpense | n...
         ╵                              ^


✘ [ERROR] TS1110: Type expected. [plugin angular-compiler]

    src/app/dashboard-charts.component.ts:35:31:
      35 │             <li><b>This Month:</b> ${{ summary?.monthlyExpense | n...
         ╵                                ^


✘ [ERROR] TS1005: ',' expected. [plugin angular-compiler]

    src/app/dashboard-charts.component.ts:36:29:
      36 │             <li><b>Categories:</b> {{ summary?.categories.length }...
         ╵                              ^


✘ [ERROR] TS1110: Type expected. [plugin angular-compiler]

    src/app/dashboard-charts.component.ts:36:31:
      36 │             <li><b>Categories:</b> {{ summary?.categories.length }...
         ╵                                ^


✘ [ERROR] TS1110: Type expected. [plugin angular-compiler]

    src/app/dashboard-charts.component.ts:37:11:
      37 │           </ul>
         ╵            ^


✘ [ERROR] TS1161: Unterminated regular expression literal. [plugin angular-compiler]

    src/app/dashboard-charts.component.ts:38:9:
      38 │         </div>
         ╵          ~~~~~


✘ [ERROR] TS1161: Unterminated regular expression literal. [plugin angular-compiler]

    src/app/dashboard-charts.component.ts:39:7:
      39 │       </div>
         ╵        ~~~~~


✘ [ERROR] TS1005: ',' expected. [plugin angular-compiler]

    src/app/dashboard-charts.component.ts:40:11:
      40 │       <div style="margin-top:2.5rem;">
         ╵            ~~~~~


✘ [ERROR] TS1005: ',' expected. [plugin angular-compiler]

    src/app/dashboard-charts.component.ts:41:19:
      41 │         <h3>Recent Expenses</h3>
         ╵                    ~~~~~~~~


✘ [ERROR] TS1161: Unterminated regular expression literal. [plugin angular-compiler]

    src/app/dashboard-charts.component.ts:41:28:
      41 │         <h3>Recent Expenses</h3>
         ╵                             ~~~~


✘ [ERROR] TS1005: ',' expected. [plugin angular-compiler]

    src/app/dashboard-charts.component.ts:42:20:
      42 │         <table *ngIf="summary?.recentExpenses?.length; else noRece...
         ╵                     ^


✘ [ERROR] TS1005: ',' expected. [plugin angular-compiler]

    src/app/dashboard-charts.component.ts:42:70:
      42 │ ...mary?.recentExpenses?.length; else noRecent" class="recent-table">
         ╵                                                 ~~~~~


✘ [ERROR] TS1005: '{' expected. [plugin angular-compiler]

    src/app/dashboard-charts.component.ts:42:75:
      42 │ ...mary?.recentExpenses?.length; else noRecent" class="recent-table">
         ╵                                                      ^


✘ [ERROR] TS1161: Unterminated regular expression literal. [plugin angular-compiler]

    src/app/dashboard-charts.component.ts:45:23:
      45 │               <th>Date</th>
         ╵                        ~~~~


✘ [ERROR] TS1161: Unterminated regular expression literal. [plugin angular-compiler]

    src/app/dashboard-charts.component.ts:46:27:
      46 │               <th>Category</th>
         ╵                            ~~~~


✘ [ERROR] TS1161: Unterminated regular expression literal. [plugin angular-compiler]

    src/app/dashboard-charts.component.ts:47:30:
      47 │               <th>Description</th>
         ╵                               ~~~~


✘ [ERROR] TS1161: Unterminated regular expression literal. [plugin angular-compiler]

    src/app/dashboard-charts.component.ts:48:25:
      48 │               <th>Amount</th>
         ╵                          ~~~~


✘ [ERROR] TS1161: Unterminated regular expression literal. [plugin angular-compiler]

    src/app/dashboard-charts.component.ts:49:13:
      49 │             </tr>
         ╵              ~~~~


✘ [ERROR] TS1161: Unterminated regular expression literal. [plugin angular-compiler]

    src/app/dashboard-charts.component.ts:50:11:
      50 │           </thead>
         ╵            ~~~~~~~


✘ [ERROR] TS1005: '>' expected. [plugin angular-compiler]

    src/app/dashboard-charts.component.ts:52:16:
      52 │             <tr *ngFor="let exp of summary?.recentExpenses">
         ╵                 ^


✘ [ERROR] TS1005: ',' expected. [plugin angular-compiler]

    src/app/dashboard-charts.component.ts:52:22:
      52 │             <tr *ngFor="let exp of summary?.recentExpenses">
         ╵                       ^


✘ [ERROR] TS1136: Property assignment expected. [plugin angular-compiler]

    src/app/dashboard-charts.component.ts:53:19:
      53 │               <td>{{ exp.date | date: 'yyyy-MM-dd'}}</td>
         ╵                    ^


✘ [ERROR] TS1005: ',' expected. [plugin angular-compiler]

    src/app/dashboard-charts.component.ts:53:24:
      53 │               <td>{{ exp.date | date: 'yyyy-MM-dd'}}</td>
         ╵                         ^


✘ [ERROR] TS1005: ',' expected. [plugin angular-compiler]

    src/app/dashboard-charts.component.ts:53:36:
      53 │               <td>{{ exp.date | date: 'yyyy-MM-dd'}}</td>
         ╵                                     ^


✘ [ERROR] TS1005: ':' expected. [plugin angular-compiler]

    src/app/dashboard-charts.component.ts:53:50:
      53 │               <td>{{ exp.date | date: 'yyyy-MM-dd'}}</td>
         ╵                                                   ^


✘ [ERROR] TS1005: ',' expected. [plugin angular-compiler]

    src/app/dashboard-charts.component.ts:53:51:
      53 │               <td>{{ exp.date | date: 'yyyy-MM-dd'}}</td>
         ╵                                                    ^


✘ [ERROR] TS1110: Type expected. [plugin angular-compiler]

    src/app/dashboard-charts.component.ts:53:53:
      53 │               <td>{{ exp.date | date: 'yyyy-MM-dd'}}</td>
         ╵                                                      ^


✘ [ERROR] TS1136: Property assignment expected. [plugin angular-compiler]

    src/app/dashboard-charts.component.ts:54:19:
      54 │               <td>{{ categoryName(exp.category) }}</td>
         ╵                    ^


✘ [ERROR] TS1005: ',' expected. [plugin angular-compiler]

    src/app/dashboard-charts.component.ts:54:37:
      54 │               <td>{{ categoryName(exp.category) }}</td>
         ╵                                      ^


✘ [ERROR] TS1005: ',' expected. [plugin angular-compiler]

    src/app/dashboard-charts.component.ts:54:46:
      54 │               <td>{{ categoryName(exp.category) }}</td>
         ╵                                               ^


✘ [ERROR] TS1146: Declaration expected. [plugin angular-compiler]

    src/app/dashboard-charts.component.ts:54:47:
      54 │               <td>{{ categoryName(exp.category) }}</td>
         ╵                                                ^


✘ [ERROR] TS1128: Declaration or statement expected. [plugin angular-compiler]

    src/app/dashboard-charts.component.ts:54:48:
      54 │               <td>{{ categoryName(exp.category) }}</td>
         ╵                                                 ^


✘ [ERROR] TS1128: Declaration or statement expected. [plugin angular-compiler]

    src/app/dashboard-charts.component.ts:54:49:
      54 │               <td>{{ categoryName(exp.category) }}</td>
         ╵                                                  ^


✘ [ERROR] TS2365: Operator '>' cannot be applied to types 'boolean' and '{}'. [plugin angular-compiler]

    src/app/dashboard-charts.component.ts:54:50:
      54 │               <td>{{ categoryName(exp.category) }}</td>
         ╵                                                   ~~~~~


✘ [ERROR] TS1110: Type expected. [plugin angular-compiler]

    src/app/dashboard-charts.component.ts:54:51:
      54 │               <td>{{ categoryName(exp.category) }}</td>
         ╵                                                    ^


✘ [ERROR] TS2304: Cannot find name 'td'. [plugin angular-compiler]

    src/app/dashboard-charts.component.ts:55:15:
      55 │               <td>{{ exp.description }}</td>
         ╵                ~~


✘ [ERROR] TS1136: Property assignment expected. [plugin angular-compiler]

    src/app/dashboard-charts.component.ts:55:19:
      55 │               <td>{{ exp.description }}</td>
         ╵                    ^


✘ [ERROR] TS2304: Cannot find name 'exp'. [plugin angular-compiler]

    src/app/dashboard-charts.component.ts:55:21:
      55 │               <td>{{ exp.description }}</td>
         ╵                      ~~~


✘ [ERROR] TS1128: Declaration or statement expected. [plugin angular-compiler]

    src/app/dashboard-charts.component.ts:55:38:
      55 │               <td>{{ exp.description }}</td>
         ╵                                       ^


✘ [ERROR] TS2365: Operator '>' cannot be applied to types 'boolean' and '{}'. [plugin angular-compiler]

    src/app/dashboard-charts.component.ts:55:39:
      55 │               <td>{{ exp.description }}</td>
         ╵                                        ~~~~~


✘ [ERROR] TS1110: Type expected. [plugin angular-compiler]

    src/app/dashboard-charts.component.ts:55:40:
      55 │               <td>{{ exp.description }}</td>
         ╵                                         ^


✘ [ERROR] TS2304: Cannot find name 'td'. [plugin angular-compiler]

    src/app/dashboard-charts.component.ts:56:15:
      56 │               <td>{{ exp.amount | number:'1.2-2' }}</td>
         ╵                ~~


✘ [ERROR] TS1136: Property assignment expected. [plugin angular-compiler]

    src/app/dashboard-charts.component.ts:56:19:
      56 │               <td>{{ exp.amount | number:'1.2-2' }}</td>
         ╵                    ^


✘ [ERROR] TS2304: Cannot find name 'exp'. [plugin angular-compiler]

    src/app/dashboard-charts.component.ts:56:21:
      56 │               <td>{{ exp.amount | number:'1.2-2' }}</td>
         ╵                      ~~~


✘ [ERROR] TS2693: 'number' only refers to a type, but is being used as a value here. [plugin angular-compiler]

    src/app/dashboard-charts.component.ts:56:34:
      56 │               <td>{{ exp.amount | number:'1.2-2' }}</td>
         ╵                                   ~~~~~~


✘ [ERROR] TS1005: ';' expected. [plugin angular-compiler]

    src/app/dashboard-charts.component.ts:56:40:
      56 │               <td>{{ exp.amount | number:'1.2-2' }}</td>
         ╵                                         ^


✘ [ERROR] TS1128: Declaration or statement expected. [plugin angular-compiler]

    src/app/dashboard-charts.component.ts:56:50:
      56 │               <td>{{ exp.amount | number:'1.2-2' }}</td>
         ╵                                                   ^


✘ [ERROR] TS2365: Operator '<' cannot be applied to types 'boolean' and 'RegExp'. [plugin angular-compiler]

    src/app/dashboard-charts.component.ts:56:51:
      56 │               <td>{{ exp.amount | number:'1.2-2' }}</td>
         ╵                                                    ~~~~~


✘ [ERROR] TS2365: Operator '<' cannot be applied to types 'boolean' and 'RegExp'. [plugin angular-compiler]

    src/app/dashboard-charts.component.ts:56:51:
      56 │               <td>{{ exp.amount | number:'1.2-2' }}</td>
         ╵                                                    ~~~~~


✘ [ERROR] TS2365: Operator '<' cannot be applied to types 'boolean' and 'number'. [plugin angular-compiler]

    src/app/dashboard-charts.component.ts:56:51:
      56 │               <td>{{ exp.amount | number:'1.2-2' }}</td>
         ╵                                                    ~~~~~


✘ [ERROR] TS1110: Type expected. [plugin angular-compiler]

    src/app/dashboard-charts.component.ts:56:52:
      56 │               <td>{{ exp.amount | number:'1.2-2' }}</td>
         ╵                                                     ^


✘ [ERROR] TS1161: Unterminated regular expression literal. [plugin angular-compiler]

    src/app/dashboard-charts.component.ts:57:13:
      57 │             </tr>
         ╵              ~~~~


✘ [ERROR] TS1161: Unterminated regular expression literal. [plugin angular-compiler]

    src/app/dashboard-charts.component.ts:58:11:
      58 │           </tbody>
         ╵            ~~~~~~~


✘ [ERROR] TS1161: Unterminated regular expression literal. [plugin angular-compiler]

    src/app/dashboard-charts.component.ts:59:9:
      59 │         </table>
         ╵          ~~~~~~~


✘ [ERROR] TS2304: Cannot find name 'ng'. [plugin angular-compiler]

    src/app/dashboard-charts.component.ts:60:9:
      60 │         <ng-template #noRecent>
         ╵          ~~


✘ [ERROR] TS2304: Cannot find name 'template'. [plugin angular-compiler]

    src/app/dashboard-charts.component.ts:60:12:
      60 │         <ng-template #noRecent>
         ╵             ~~~~~~~~


✘ [ERROR] TS1005: ';' expected. [plugin angular-compiler]

    src/app/dashboard-charts.component.ts:60:21:
      60 │         <ng-template #noRecent>
         ╵                      ~~~~~~~~~


✘ [ERROR] TS2304: Cannot find name 'div'. [plugin angular-compiler]

    src/app/dashboard-charts.component.ts:61:11:
      61 │           <div style="color:#aaa;text-align:center;">No recent exp...
         ╵            ~~~


✘ [ERROR] TS1005: '>' expected. [plugin angular-compiler]

    src/app/dashboard-charts.component.ts:61:15:
      61 │           <div style="color:#aaa;text-align:center;">No recent exp...
         ╵                ~~~~~


✘ [ERROR] TS2304: Cannot find name 'style'. [plugin angular-compiler]

    src/app/dashboard-charts.component.ts:61:15:
      61 │           <div style="color:#aaa;text-align:center;">No recent exp...
         ╵                ~~~~~


✘ [ERROR] TS1005: ';' expected. [plugin angular-compiler]

    src/app/dashboard-charts.component.ts:61:20:
      61 │           <div style="color:#aaa;text-align:center;">No recent exp...
         ╵                     ^


✘ [ERROR] TS2304: Cannot find name 'No'. [plugin angular-compiler]

    src/app/dashboard-charts.component.ts:61:53:
      61 │ ...iv style="color:#aaa;text-align:center;">No recent expenses.</div>
         ╵                                             ~~


✘ [ERROR] TS1005: ';' expected. [plugin angular-compiler]

    src/app/dashboard-charts.component.ts:61:56:
      61 │ ...iv style="color:#aaa;text-align:center;">No recent expenses.</div>
         ╵                                                ~~~~~~


✘ [ERROR] TS2304: Cannot find name 'recent'. [plugin angular-compiler]

    src/app/dashboard-charts.component.ts:61:56:
      61 │ ...iv style="color:#aaa;text-align:center;">No recent expenses.</div>
         ╵                                                ~~~~~~


✘ [ERROR] TS2304: Cannot find name 'expenses'. [plugin angular-compiler]

    src/app/dashboard-charts.component.ts:61:63:
      61 │ ...iv style="color:#aaa;text-align:center;">No recent expenses.</div>
         ╵                                                       ~~~~~~~~


✘ [ERROR] TS2365: Operator '<' cannot be applied to types 'boolean' and 'RegExp'. [plugin angular-compiler]

    src/app/dashboard-charts.component.ts:61:63:
      61 │ ...iv style="color:#aaa;text-align:center;">No recent expenses.</div>
         ╵                                                       ~~~~~~~~~~~~~~~


✘ [ERROR] TS2365: Operator '<' cannot be applied to types 'boolean' and 'RegExp'. [plugin angular-compiler]

    src/app/dashboard-charts.component.ts:61:63:
      61 │ ...iv style="color:#aaa;text-align:center;">No recent expenses.</div>
         ╵                                                       ~~~~~~~~~~~~~~~


✘ [ERROR] TS1003: Identifier expected. [plugin angular-compiler]

    src/app/dashboard-charts.component.ts:61:72:
      61 │ ...iv style="color:#aaa;text-align:center;">No recent expenses.</div>
         ╵                                                                ^


✘ [ERROR] TS1161: Unterminated regular expression literal. [plugin angular-compiler]

    src/app/dashboard-charts.component.ts:61:73:
      61 │ ...iv style="color:#aaa;text-align:center;">No recent expenses.</div>
         ╵                                                                 ~~~~~


✘ [ERROR] TS1161: Unterminated regular expression literal. [plugin angular-compiler]

    src/app/dashboard-charts.component.ts:62:9:
      62 │         </ng-template>
         ╵          ~~~~~~~~~~~~~


✘ [ERROR] TS1161: Unterminated regular expression literal. [plugin angular-compiler]

    src/app/dashboard-charts.component.ts:63:7:
      63 │       </div>
         ╵        ~~~~~


✘ [ERROR] TS1161: Unterminated regular expression literal. [plugin angular-compiler]

    src/app/dashboard-charts.component.ts:64:5:
      64 │     </section>
         ╵      ~~~~~~~~~


✘ [ERROR] TS2349: This expression is not callable.
  Type 'RegExp' has no call signatures. [plugin angular-compiler]

    src/app/dashboard-charts.component.ts:64:5:
      64 │     </section>
         ╵      ~~~~~~~~~


✘ [ERROR] TS1160: Unterminated template literal. [plugin angular-compiler]

    src/app/dashboard-charts.component.ts:139:0:
      139 │ 
          ╵ ^


✘ [ERROR] TS2305: Module '"./dashboard-charts.component"' has no exported member 'DashboardChartsComponent'. [plugin angular-compiler]

    src/app/dashboard.component.ts:4:9:
      4 │ import { DashboardChartsComponent } from './dashboard-charts.compon...
        ╵          ~~~~~~~~~~~~~~~~~~~~~~~~


✘ [ERROR] TS-991010: 'imports' must be an array of components, directives, pipes, or NgModules.
  Value is of type '[CommonModule, (not statically analyzable)]'. [plugin angular-compiler]

    src/app/dashboard.component.ts:10:11:
      10 │   imports: [CommonModule, DashboardChartsComponent],
         ╵            ~~~~~~~~~~~~~~~~~~~~~~~~~~~~~~~~~~~~~~~~


✘ [ERROR] Unterminated regular expression

    src/app/dashboard-charts.component.ts:2:4:
      2 │ /td>
        ╵     ^


❯ Changes detected. Rebuilding...
✔ Changes detected. Rebuilding...
Application bundle generation failed. [0.264 seconds]

✘ [ERROR] Unterminated regular expression

    src/app/dashboard-charts.component.ts:2:4:
      2 │ /td>
        ╵     ^


✘ [ERROR] TS1005: ',' expected. [plugin angular-compiler]

    src/app/dashboard-charts.component.ts:34:50:
      34 │ ...Total Expenses:</b> ${{ summary?.totalExpense | number:'1.2-2' ...
         ╵                                   ~~


✘ [ERROR] TS1005: ',' expected. [plugin angular-compiler]

    src/app/dashboard-charts.component.ts:34:65:
      34 │ ...l Expenses:</b> ${{ summary?.totalExpense | number:'1.2-2' }}</li>
         ╵                                              ^


✘ [ERROR] TS1005: '}' expected. [plugin angular-compiler]

    src/app/dashboard-charts.component.ts:34:73:
      34 │ ...l Expenses:</b> ${{ summary?.totalExpense | number:'1.2-2' }}</li>
         ╵                                                      ^


✘ [ERROR] TS1005: ':' expected. [plugin angular-compiler]

    src/app/dashboard-charts.component.ts:34:82:
      34 │ ...l Expenses:</b> ${{ summary?.totalExpense | number:'1.2-2' }}</li>
         ╵                                                               ^


✘ [ERROR] TS1005: ',' expected. [plugin angular-compiler]

    src/app/dashboard-charts.component.ts:34:83:
      34 │ ...l Expenses:</b> ${{ summary?.totalExpense | number:'1.2-2' }}</li>
         ╵                                                                ^


✘ [ERROR] TS1110: Type expected. [plugin angular-compiler]

    src/app/dashboard-charts.component.ts:34:85:
      34 │ ...l Expenses:</b> ${{ summary?.totalExpense | number:'1.2-2' }}</li>
         ╵                                                                  ^


✘ [ERROR] TS1005: ',' expected. [plugin angular-compiler]

    src/app/dashboard-charts.component.ts:35:24:
      35 │             <li><b>This Month:</b> ${{ summary?.monthlyExpense | n...
         ╵                         ~~~~~


✘ [ERROR] TS1005: ',' expected. [plugin angular-compiler]

    src/app/dashboard-charts.component.ts:35:29:
      35 │             <li><b>This Month:</b> ${{ summary?.monthlyExpense | n...
         ╵                              ^


✘ [ERROR] TS1110: Type expected. [plugin angular-compiler]

    src/app/dashboard-charts.component.ts:35:31:
      35 │             <li><b>This Month:</b> ${{ summary?.monthlyExpense | n...
         ╵                                ^


✘ [ERROR] TS1005: ',' expected. [plugin angular-compiler]

    src/app/dashboard-charts.component.ts:36:29:
      36 │             <li><b>Categories:</b> {{ summary?.categories.length }...
         ╵                              ^


✘ [ERROR] TS1110: Type expected. [plugin angular-compiler]

    src/app/dashboard-charts.component.ts:36:31:
      36 │             <li><b>Categories:</b> {{ summary?.categories.length }...
         ╵                                ^


✘ [ERROR] TS1110: Type expected. [plugin angular-compiler]

    src/app/dashboard-charts.component.ts:37:11:
      37 │           </ul>
         ╵            ^


✘ [ERROR] TS1161: Unterminated regular expression literal. [plugin angular-compiler]

    src/app/dashboard-charts.component.ts:38:9:
      38 │         </div>
         ╵          ~~~~~


✘ [ERROR] TS1161: Unterminated regular expression literal. [plugin angular-compiler]

    src/app/dashboard-charts.component.ts:39:7:
      39 │       </div>
         ╵        ~~~~~


✘ [ERROR] TS1005: ',' expected. [plugin angular-compiler]

    src/app/dashboard-charts.component.ts:40:11:
      40 │       <div style="margin-top:2.5rem;">
         ╵            ~~~~~


✘ [ERROR] TS1005: ',' expected. [plugin angular-compiler]

    src/app/dashboard-charts.component.ts:41:19:
      41 │         <h3>Recent Expenses</h3>
         ╵                    ~~~~~~~~


✘ [ERROR] TS1161: Unterminated regular expression literal. [plugin angular-compiler]

    src/app/dashboard-charts.component.ts:41:28:
      41 │         <h3>Recent Expenses</h3>
         ╵                             ~~~~


✘ [ERROR] TS1005: ',' expected. [plugin angular-compiler]

    src/app/dashboard-charts.component.ts:42:20:
      42 │         <table *ngIf="summary?.recentExpenses?.length; else noRece...
         ╵                     ^


✘ [ERROR] TS1005: ',' expected. [plugin angular-compiler]

    src/app/dashboard-charts.component.ts:42:70:
      42 │ ...mary?.recentExpenses?.length; else noRecent" class="recent-table">
         ╵                                                 ~~~~~


✘ [ERROR] TS1005: '{' expected. [plugin angular-compiler]

    src/app/dashboard-charts.component.ts:42:75:
      42 │ ...mary?.recentExpenses?.length; else noRecent" class="recent-table">
         ╵                                                      ^


✘ [ERROR] TS1161: Unterminated regular expression literal. [plugin angular-compiler]

    src/app/dashboard-charts.component.ts:45:23:
      45 │               <th>Date</th>
         ╵                        ~~~~


✘ [ERROR] TS1161: Unterminated regular expression literal. [plugin angular-compiler]

    src/app/dashboard-charts.component.ts:46:27:
      46 │               <th>Category</th>
         ╵                            ~~~~


✘ [ERROR] TS1161: Unterminated regular expression literal. [plugin angular-compiler]

    src/app/dashboard-charts.component.ts:47:30:
      47 │               <th>Description</th>
         ╵                               ~~~~


✘ [ERROR] TS1161: Unterminated regular expression literal. [plugin angular-compiler]

    src/app/dashboard-charts.component.ts:48:25:
      48 │               <th>Amount</th>
         ╵                          ~~~~


✘ [ERROR] TS1161: Unterminated regular expression literal. [plugin angular-compiler]

    src/app/dashboard-charts.component.ts:49:13:
      49 │             </tr>
         ╵              ~~~~


✘ [ERROR] TS1161: Unterminated regular expression literal. [plugin angular-compiler]

    src/app/dashboard-charts.component.ts:50:11:
      50 │           </thead>
         ╵            ~~~~~~~


✘ [ERROR] TS1005: '>' expected. [plugin angular-compiler]

    src/app/dashboard-charts.component.ts:52:16:
      52 │             <tr *ngFor="let exp of summary?.recentExpenses">
         ╵                 ^


✘ [ERROR] TS1005: ',' expected. [plugin angular-compiler]

    src/app/dashboard-charts.component.ts:52:22:
      52 │             <tr *ngFor="let exp of summary?.recentExpenses">
         ╵                       ^


✘ [ERROR] TS1136: Property assignment expected. [plugin angular-compiler]

    src/app/dashboard-charts.component.ts:53:19:
      53 │               <td>{{ exp.date | date: 'yyyy-MM-dd'}}</td>
         ╵                    ^


✘ [ERROR] TS1005: ',' expected. [plugin angular-compiler]

    src/app/dashboard-charts.component.ts:53:24:
      53 │               <td>{{ exp.date | date: 'yyyy-MM-dd'}}</td>
         ╵                         ^


✘ [ERROR] TS1005: ',' expected. [plugin angular-compiler]

    src/app/dashboard-charts.component.ts:53:36:
      53 │               <td>{{ exp.date | date: 'yyyy-MM-dd'}}</td>
         ╵                                     ^


✘ [ERROR] TS1005: ':' expected. [plugin angular-compiler]

    src/app/dashboard-charts.component.ts:53:50:
      53 │               <td>{{ exp.date | date: 'yyyy-MM-dd'}}</td>
         ╵                                                   ^


✘ [ERROR] TS1005: ',' expected. [plugin angular-compiler]

    src/app/dashboard-charts.component.ts:53:51:
      53 │               <td>{{ exp.date | date: 'yyyy-MM-dd'}}</td>
         ╵                                                    ^


✘ [ERROR] TS1110: Type expected. [plugin angular-compiler]

    src/app/dashboard-charts.component.ts:53:53:
      53 │               <td>{{ exp.date | date: 'yyyy-MM-dd'}}</td>
         ╵                                                      ^


✘ [ERROR] TS1136: Property assignment expected. [plugin angular-compiler]

    src/app/dashboard-charts.component.ts:54:19:
      54 │               <td>{{ categoryName(exp.category) }}</td>
         ╵                    ^


✘ [ERROR] TS1005: ',' expected. [plugin angular-compiler]

    src/app/dashboard-charts.component.ts:54:37:
      54 │               <td>{{ categoryName(exp.category) }}</td>
         ╵                                      ^


✘ [ERROR] TS1005: ',' expected. [plugin angular-compiler]

    src/app/dashboard-charts.component.ts:54:46:
      54 │               <td>{{ categoryName(exp.category) }}</td>
         ╵                                               ^


✘ [ERROR] TS1146: Declaration expected. [plugin angular-compiler]

    src/app/dashboard-charts.component.ts:54:47:
      54 │               <td>{{ categoryName(exp.category) }}</td>
         ╵                                                ^


✘ [ERROR] TS1128: Declaration or statement expected. [plugin angular-compiler]

    src/app/dashboard-charts.component.ts:54:48:
      54 │               <td>{{ categoryName(exp.category) }}</td>
         ╵                                                 ^


✘ [ERROR] TS1128: Declaration or statement expected. [plugin angular-compiler]

    src/app/dashboard-charts.component.ts:54:49:
      54 │               <td>{{ categoryName(exp.category) }}</td>
         ╵                                                  ^


✘ [ERROR] TS2365: Operator '>' cannot be applied to types 'boolean' and '{}'. [plugin angular-compiler]

    src/app/dashboard-charts.component.ts:54:50:
      54 │               <td>{{ categoryName(exp.category) }}</td>
         ╵                                                   ~~~~~


✘ [ERROR] TS1110: Type expected. [plugin angular-compiler]

    src/app/dashboard-charts.component.ts:54:51:
      54 │               <td>{{ categoryName(exp.category) }}</td>
         ╵                                                    ^


✘ [ERROR] TS2304: Cannot find name 'td'. [plugin angular-compiler]

    src/app/dashboard-charts.component.ts:55:15:
      55 │               <td>{{ exp.description }}</td>
         ╵                ~~


✘ [ERROR] TS1136: Property assignment expected. [plugin angular-compiler]

    src/app/dashboard-charts.component.ts:55:19:
      55 │               <td>{{ exp.description }}</td>
         ╵                    ^


✘ [ERROR] TS2304: Cannot find name 'exp'. [plugin angular-compiler]

    src/app/dashboard-charts.component.ts:55:21:
      55 │               <td>{{ exp.description }}</td>
         ╵                      ~~~


✘ [ERROR] TS1128: Declaration or statement expected. [plugin angular-compiler]

    src/app/dashboard-charts.component.ts:55:38:
      55 │               <td>{{ exp.description }}</td>
         ╵                                       ^


✘ [ERROR] TS2365: Operator '>' cannot be applied to types 'boolean' and '{}'. [plugin angular-compiler]

    src/app/dashboard-charts.component.ts:55:39:
      55 │               <td>{{ exp.description }}</td>
         ╵                                        ~~~~~


✘ [ERROR] TS1110: Type expected. [plugin angular-compiler]

    src/app/dashboard-charts.component.ts:55:40:
      55 │               <td>{{ exp.description }}</td>
         ╵                                         ^


✘ [ERROR] TS2304: Cannot find name 'td'. [plugin angular-compiler]

    src/app/dashboard-charts.component.ts:56:15:
      56 │               <td>{{ exp.amount | number:'1.2-2' }}</td>
         ╵                ~~


✘ [ERROR] TS1136: Property assignment expected. [plugin angular-compiler]

    src/app/dashboard-charts.component.ts:56:19:
      56 │               <td>{{ exp.amount | number:'1.2-2' }}</td>
         ╵                    ^


✘ [ERROR] TS2304: Cannot find name 'exp'. [plugin angular-compiler]

    src/app/dashboard-charts.component.ts:56:21:
      56 │               <td>{{ exp.amount | number:'1.2-2' }}</td>
         ╵                      ~~~


✘ [ERROR] TS2693: 'number' only refers to a type, but is being used as a value here. [plugin angular-compiler]

    src/app/dashboard-charts.component.ts:56:34:
      56 │               <td>{{ exp.amount | number:'1.2-2' }}</td>
         ╵                                   ~~~~~~


✘ [ERROR] TS1005: ';' expected. [plugin angular-compiler]

    src/app/dashboard-charts.component.ts:56:40:
      56 │               <td>{{ exp.amount | number:'1.2-2' }}</td>
         ╵                                         ^


✘ [ERROR] TS1128: Declaration or statement expected. [plugin angular-compiler]

    src/app/dashboard-charts.component.ts:56:50:
      56 │               <td>{{ exp.amount | number:'1.2-2' }}</td>
         ╵                                                   ^


✘ [ERROR] TS2365: Operator '<' cannot be applied to types 'boolean' and 'RegExp'. [plugin angular-compiler]

    src/app/dashboard-charts.component.ts:56:51:
      56 │               <td>{{ exp.amount | number:'1.2-2' }}</td>
         ╵                                                    ~~~~~


✘ [ERROR] TS2365: Operator '<' cannot be applied to types 'boolean' and 'RegExp'. [plugin angular-compiler]

    src/app/dashboard-charts.component.ts:56:51:
      56 │               <td>{{ exp.amount | number:'1.2-2' }}</td>
         ╵                                                    ~~~~~


✘ [ERROR] TS2365: Operator '<' cannot be applied to types 'boolean' and 'number'. [plugin angular-compiler]

    src/app/dashboard-charts.component.ts:56:51:
      56 │               <td>{{ exp.amount | number:'1.2-2' }}</td>
         ╵                                                    ~~~~~


✘ [ERROR] TS1110: Type expected. [plugin angular-compiler]

    src/app/dashboard-charts.component.ts:56:52:
      56 │               <td>{{ exp.amount | number:'1.2-2' }}</td>
         ╵                                                     ^


✘ [ERROR] TS1161: Unterminated regular expression literal. [plugin angular-compiler]

    src/app/dashboard-charts.component.ts:57:13:
      57 │             </tr>
         ╵              ~~~~


✘ [ERROR] TS1161: Unterminated regular expression literal. [plugin angular-compiler]

    src/app/dashboard-charts.component.ts:58:11:
      58 │           </tbody>
         ╵            ~~~~~~~


✘ [ERROR] TS1161: Unterminated regular expression literal. [plugin angular-compiler]

    src/app/dashboard-charts.component.ts:59:9:
      59 │         </table>
         ╵          ~~~~~~~


✘ [ERROR] TS2304: Cannot find name 'ng'. [plugin angular-compiler]

    src/app/dashboard-charts.component.ts:60:9:
      60 │         <ng-template #noRecent>
         ╵          ~~


✘ [ERROR] TS2304: Cannot find name 'template'. [plugin angular-compiler]

    src/app/dashboard-charts.component.ts:60:12:
      60 │         <ng-template #noRecent>
         ╵             ~~~~~~~~


✘ [ERROR] TS1005: ';' expected. [plugin angular-compiler]

    src/app/dashboard-charts.component.ts:60:21:
      60 │         <ng-template #noRecent>
         ╵                      ~~~~~~~~~


✘ [ERROR] TS2304: Cannot find name 'div'. [plugin angular-compiler]

    src/app/dashboard-charts.component.ts:61:11:
      61 │           <div style="color:#aaa;text-align:center;">No recent exp...
         ╵            ~~~


✘ [ERROR] TS1005: '>' expected. [plugin angular-compiler]

    src/app/dashboard-charts.component.ts:61:15:
      61 │           <div style="color:#aaa;text-align:center;">No recent exp...
         ╵                ~~~~~


✘ [ERROR] TS2304: Cannot find name 'style'. [plugin angular-compiler]

    src/app/dashboard-charts.component.ts:61:15:
      61 │           <div style="color:#aaa;text-align:center;">No recent exp...
         ╵                ~~~~~


✘ [ERROR] TS1005: ';' expected. [plugin angular-compiler]

    src/app/dashboard-charts.component.ts:61:20:
      61 │           <div style="color:#aaa;text-align:center;">No recent exp...
         ╵                     ^


✘ [ERROR] TS2304: Cannot find name 'No'. [plugin angular-compiler]

    src/app/dashboard-charts.component.ts:61:53:
      61 │ ...iv style="color:#aaa;text-align:center;">No recent expenses.</div>
         ╵                                             ~~


✘ [ERROR] TS1005: ';' expected. [plugin angular-compiler]

    src/app/dashboard-charts.component.ts:61:56:
      61 │ ...iv style="color:#aaa;text-align:center;">No recent expenses.</div>
         ╵                                                ~~~~~~


✘ [ERROR] TS2304: Cannot find name 'recent'. [plugin angular-compiler]

    src/app/dashboard-charts.component.ts:61:56:
      61 │ ...iv style="color:#aaa;text-align:center;">No recent expenses.</div>
         ╵                                                ~~~~~~


✘ [ERROR] TS2304: Cannot find name 'expenses'. [plugin angular-compiler]

    src/app/dashboard-charts.component.ts:61:63:
      61 │ ...iv style="color:#aaa;text-align:center;">No recent expenses.</div>
         ╵                                                       ~~~~~~~~


✘ [ERROR] TS2365: Operator '<' cannot be applied to types 'boolean' and 'RegExp'. [plugin angular-compiler]

    src/app/dashboard-charts.component.ts:61:63:
      61 │ ...iv style="color:#aaa;text-align:center;">No recent expenses.</div>
         ╵                                                       ~~~~~~~~~~~~~~~


✘ [ERROR] TS2365: Operator '<' cannot be applied to types 'boolean' and 'RegExp'. [plugin angular-compiler]

    src/app/dashboard-charts.component.ts:61:63:
      61 │ ...iv style="color:#aaa;text-align:center;">No recent expenses.</div>
         ╵                                                       ~~~~~~~~~~~~~~~


✘ [ERROR] TS1003: Identifier expected. [plugin angular-compiler]

    src/app/dashboard-charts.component.ts:61:72:
      61 │ ...iv style="color:#aaa;text-align:center;">No recent expenses.</div>
         ╵                                                                ^


✘ [ERROR] TS1161: Unterminated regular expression literal. [plugin angular-compiler]

    src/app/dashboard-charts.component.ts:61:73:
      61 │ ...iv style="color:#aaa;text-align:center;">No recent expenses.</div>
         ╵                                                                 ~~~~~


✘ [ERROR] TS1161: Unterminated regular expression literal. [plugin angular-compiler]

    src/app/dashboard-charts.component.ts:62:9:
      62 │         </ng-template>
         ╵          ~~~~~~~~~~~~~


✘ [ERROR] TS1161: Unterminated regular expression literal. [plugin angular-compiler]

    src/app/dashboard-charts.component.ts:63:7:
      63 │       </div>
         ╵        ~~~~~


✘ [ERROR] TS1161: Unterminated regular expression literal. [plugin angular-compiler]

    src/app/dashboard-charts.component.ts:64:5:
      64 │     </section>
         ╵      ~~~~~~~~~


✘ [ERROR] TS2349: This expression is not callable.
  Type 'RegExp' has no call signatures. [plugin angular-compiler]

    src/app/dashboard-charts.component.ts:64:5:
      64 │     </section>
         ╵      ~~~~~~~~~


✘ [ERROR] TS1160: Unterminated template literal. [plugin angular-compiler]

    src/app/dashboard-charts.component.ts:139:0:
      139 │ 
          ╵ ^


✘ [ERROR] TS2305: Module '"./dashboard-charts.component"' has no exported member 'DashboardChartsComponent'. [plugin angular-compiler]

    src/app/dashboard.component.ts:4:9:
      4 │ import { DashboardChartsComponent } from './dashboard-charts.compon...
        ╵          ~~~~~~~~~~~~~~~~~~~~~~~~


✘ [ERROR] TS-991010: 'imports' must be an array of components, directives, pipes, or NgModules.
  Value is of type '[CommonModule, (not statically analyzable)]'. [plugin angular-compiler]

    src/app/dashboard.component.ts:10:11:
      10 │   imports: [CommonModule, DashboardChartsComponent],
         ╵            ~~~~~~~~~~~~~~~~~~~~~~~~~~~~~~~~~~~~~~~~


✘ [ERROR] Unterminated regular expression

    src/app/dashboard-charts.component.ts:2:4:
      2 │ /td>
        ╵     ^


❯ Changes detected. Rebuilding...
✔ Changes detected. Rebuilding...
Application bundle generation failed. [0.222 seconds]

✘ [ERROR] Unterminated regular expression

    src/app/dashboard-charts.component.ts:2:4:
      2 │ /td>
        ╵     ^


✘ [ERROR] TS1005: ',' expected. [plugin angular-compiler]

    src/app/dashboard-charts.component.ts:34:50:
      34 │ ...Total Expenses:</b> ${{ summary?.totalExpense | number:'1.2-2' ...
         ╵                                   ~~


✘ [ERROR] TS1005: ',' expected. [plugin angular-compiler]

    src/app/dashboard-charts.component.ts:34:65:
      34 │ ...l Expenses:</b> ${{ summary?.totalExpense | number:'1.2-2' }}</li>
         ╵                                              ^


✘ [ERROR] TS1005: '}' expected. [plugin angular-compiler]

    src/app/dashboard-charts.component.ts:34:73:
      34 │ ...l Expenses:</b> ${{ summary?.totalExpense | number:'1.2-2' }}</li>
         ╵                                                      ^


✘ [ERROR] TS1005: ':' expected. [plugin angular-compiler]

    src/app/dashboard-charts.component.ts:34:82:
      34 │ ...l Expenses:</b> ${{ summary?.totalExpense | number:'1.2-2' }}</li>
         ╵                                                               ^


✘ [ERROR] TS1005: ',' expected. [plugin angular-compiler]

    src/app/dashboard-charts.component.ts:34:83:
      34 │ ...l Expenses:</b> ${{ summary?.totalExpense | number:'1.2-2' }}</li>
         ╵                                                                ^


✘ [ERROR] TS1110: Type expected. [plugin angular-compiler]

    src/app/dashboard-charts.component.ts:34:85:
      34 │ ...l Expenses:</b> ${{ summary?.totalExpense | number:'1.2-2' }}</li>
         ╵                                                                  ^


✘ [ERROR] TS1005: ',' expected. [plugin angular-compiler]

    src/app/dashboard-charts.component.ts:35:24:
      35 │             <li><b>This Month:</b> ${{ summary?.monthlyExpense | n...
         ╵                         ~~~~~


✘ [ERROR] TS1005: ',' expected. [plugin angular-compiler]

    src/app/dashboard-charts.component.ts:35:29:
      35 │             <li><b>This Month:</b> ${{ summary?.monthlyExpense | n...
         ╵                              ^


✘ [ERROR] TS1110: Type expected. [plugin angular-compiler]

    src/app/dashboard-charts.component.ts:35:31:
      35 │             <li><b>This Month:</b> ${{ summary?.monthlyExpense | n...
         ╵                                ^


✘ [ERROR] TS1005: ',' expected. [plugin angular-compiler]

    src/app/dashboard-charts.component.ts:36:29:
      36 │             <li><b>Categories:</b> {{ summary?.categories.length }...
         ╵                              ^


✘ [ERROR] TS1110: Type expected. [plugin angular-compiler]

    src/app/dashboard-charts.component.ts:36:31:
      36 │             <li><b>Categories:</b> {{ summary?.categories.length }...
         ╵                                ^


✘ [ERROR] TS1110: Type expected. [plugin angular-compiler]

    src/app/dashboard-charts.component.ts:37:11:
      37 │           </ul>
         ╵            ^


✘ [ERROR] TS1161: Unterminated regular expression literal. [plugin angular-compiler]

    src/app/dashboard-charts.component.ts:38:9:
      38 │         </div>
         ╵          ~~~~~


✘ [ERROR] TS1161: Unterminated regular expression literal. [plugin angular-compiler]

    src/app/dashboard-charts.component.ts:39:7:
      39 │       </div>
         ╵        ~~~~~


✘ [ERROR] TS1005: ',' expected. [plugin angular-compiler]

    src/app/dashboard-charts.component.ts:40:11:
      40 │       <div style="margin-top:2.5rem;">
         ╵            ~~~~~


✘ [ERROR] TS1005: ',' expected. [plugin angular-compiler]

    src/app/dashboard-charts.component.ts:41:19:
      41 │         <h3>Recent Expenses</h3>
         ╵                    ~~~~~~~~


✘ [ERROR] TS1161: Unterminated regular expression literal. [plugin angular-compiler]

    src/app/dashboard-charts.component.ts:41:28:
      41 │         <h3>Recent Expenses</h3>
         ╵                             ~~~~


✘ [ERROR] TS1005: ',' expected. [plugin angular-compiler]

    src/app/dashboard-charts.component.ts:42:20:
      42 │         <table *ngIf="summary?.recentExpenses?.length; else noRece...
         ╵                     ^


✘ [ERROR] TS1005: ',' expected. [plugin angular-compiler]

    src/app/dashboard-charts.component.ts:42:70:
      42 │ ...mary?.recentExpenses?.length; else noRecent" class="recent-table">
         ╵                                                 ~~~~~


✘ [ERROR] TS1005: '{' expected. [plugin angular-compiler]

    src/app/dashboard-charts.component.ts:42:75:
      42 │ ...mary?.recentExpenses?.length; else noRecent" class="recent-table">
         ╵                                                      ^


✘ [ERROR] TS1161: Unterminated regular expression literal. [plugin angular-compiler]

    src/app/dashboard-charts.component.ts:45:23:
      45 │               <th>Date</th>
         ╵                        ~~~~


✘ [ERROR] TS1161: Unterminated regular expression literal. [plugin angular-compiler]

    src/app/dashboard-charts.component.ts:46:27:
      46 │               <th>Category</th>
         ╵                            ~~~~


✘ [ERROR] TS1161: Unterminated regular expression literal. [plugin angular-compiler]

    src/app/dashboard-charts.component.ts:47:30:
      47 │               <th>Description</th>
         ╵                               ~~~~


✘ [ERROR] TS1161: Unterminated regular expression literal. [plugin angular-compiler]

    src/app/dashboard-charts.component.ts:48:25:
      48 │               <th>Amount</th>
         ╵                          ~~~~


✘ [ERROR] TS1161: Unterminated regular expression literal. [plugin angular-compiler]

    src/app/dashboard-charts.component.ts:49:13:
      49 │             </tr>
         ╵              ~~~~


✘ [ERROR] TS1161: Unterminated regular expression literal. [plugin angular-compiler]

    src/app/dashboard-charts.component.ts:50:11:
      50 │           </thead>
         ╵            ~~~~~~~


✘ [ERROR] TS1005: '>' expected. [plugin angular-compiler]

    src/app/dashboard-charts.component.ts:52:16:
      52 │             <tr *ngFor="let exp of summary?.recentExpenses">
         ╵                 ^


✘ [ERROR] TS1005: ',' expected. [plugin angular-compiler]

    src/app/dashboard-charts.component.ts:52:22:
      52 │             <tr *ngFor="let exp of summary?.recentExpenses">
         ╵                       ^


✘ [ERROR] TS1136: Property assignment expected. [plugin angular-compiler]

    src/app/dashboard-charts.component.ts:53:19:
      53 │               <td>{{ exp.date | date: 'yyyy-MM-dd'}}</td>
         ╵                    ^


✘ [ERROR] TS1005: ',' expected. [plugin angular-compiler]

    src/app/dashboard-charts.component.ts:53:24:
      53 │               <td>{{ exp.date | date: 'yyyy-MM-dd'}}</td>
         ╵                         ^


✘ [ERROR] TS1005: ',' expected. [plugin angular-compiler]

    src/app/dashboard-charts.component.ts:53:36:
      53 │               <td>{{ exp.date | date: 'yyyy-MM-dd'}}</td>
         ╵                                     ^


✘ [ERROR] TS1005: ':' expected. [plugin angular-compiler]

    src/app/dashboard-charts.component.ts:53:50:
      53 │               <td>{{ exp.date | date: 'yyyy-MM-dd'}}</td>
         ╵                                                   ^


✘ [ERROR] TS1005: ',' expected. [plugin angular-compiler]

    src/app/dashboard-charts.component.ts:53:51:
      53 │               <td>{{ exp.date | date: 'yyyy-MM-dd'}}</td>
         ╵                                                    ^


✘ [ERROR] TS1110: Type expected. [plugin angular-compiler]

    src/app/dashboard-charts.component.ts:53:53:
      53 │               <td>{{ exp.date | date: 'yyyy-MM-dd'}}</td>
         ╵                                                      ^


✘ [ERROR] TS1136: Property assignment expected. [plugin angular-compiler]

    src/app/dashboard-charts.component.ts:54:19:
      54 │               <td>{{ categoryName(exp.category) }}</td>
         ╵                    ^


✘ [ERROR] TS1005: ',' expected. [plugin angular-compiler]

    src/app/dashboard-charts.component.ts:54:37:
      54 │               <td>{{ categoryName(exp.category) }}</td>
         ╵                                      ^


✘ [ERROR] TS1005: ',' expected. [plugin angular-compiler]

    src/app/dashboard-charts.component.ts:54:46:
      54 │               <td>{{ categoryName(exp.category) }}</td>
         ╵                                               ^


✘ [ERROR] TS1146: Declaration expected. [plugin angular-compiler]

    src/app/dashboard-charts.component.ts:54:47:
      54 │               <td>{{ categoryName(exp.category) }}</td>
         ╵                                                ^


✘ [ERROR] TS1128: Declaration or statement expected. [plugin angular-compiler]

    src/app/dashboard-charts.component.ts:54:48:
      54 │               <td>{{ categoryName(exp.category) }}</td>
         ╵                                                 ^


✘ [ERROR] TS1128: Declaration or statement expected. [plugin angular-compiler]

    src/app/dashboard-charts.component.ts:54:49:
      54 │               <td>{{ categoryName(exp.category) }}</td>
         ╵                                                  ^


✘ [ERROR] TS2365: Operator '>' cannot be applied to types 'boolean' and '{}'. [plugin angular-compiler]

    src/app/dashboard-charts.component.ts:54:50:
      54 │               <td>{{ categoryName(exp.category) }}</td>
         ╵                                                   ~~~~~


✘ [ERROR] TS1110: Type expected. [plugin angular-compiler]

    src/app/dashboard-charts.component.ts:54:51:
      54 │               <td>{{ categoryName(exp.category) }}</td>
         ╵                                                    ^


✘ [ERROR] TS2304: Cannot find name 'td'. [plugin angular-compiler]

    src/app/dashboard-charts.component.ts:55:15:
      55 │               <td>{{ exp.description }}</td>
         ╵                ~~


✘ [ERROR] TS1136: Property assignment expected. [plugin angular-compiler]

    src/app/dashboard-charts.component.ts:55:19:
      55 │               <td>{{ exp.description }}</td>
         ╵                    ^


✘ [ERROR] TS2304: Cannot find name 'exp'. [plugin angular-compiler]

    src/app/dashboard-charts.component.ts:55:21:
      55 │               <td>{{ exp.description }}</td>
         ╵                      ~~~


✘ [ERROR] TS1128: Declaration or statement expected. [plugin angular-compiler]

    src/app/dashboard-charts.component.ts:55:38:
      55 │               <td>{{ exp.description }}</td>
         ╵                                       ^


✘ [ERROR] TS2365: Operator '>' cannot be applied to types 'boolean' and '{}'. [plugin angular-compiler]

    src/app/dashboard-charts.component.ts:55:39:
      55 │               <td>{{ exp.description }}</td>
         ╵                                        ~~~~~


✘ [ERROR] TS1110: Type expected. [plugin angular-compiler]

    src/app/dashboard-charts.component.ts:55:40:
      55 │               <td>{{ exp.description }}</td>
         ╵                                         ^


✘ [ERROR] TS2304: Cannot find name 'td'. [plugin angular-compiler]

    src/app/dashboard-charts.component.ts:56:15:
      56 │               <td>{{ exp.amount | number:'1.2-2' }}</td>
         ╵                ~~


✘ [ERROR] TS1136: Property assignment expected. [plugin angular-compiler]

    src/app/dashboard-charts.component.ts:56:19:
      56 │               <td>{{ exp.amount | number:'1.2-2' }}</td>
         ╵                    ^


✘ [ERROR] TS2304: Cannot find name 'exp'. [plugin angular-compiler]

    src/app/dashboard-charts.component.ts:56:21:
      56 │               <td>{{ exp.amount | number:'1.2-2' }}</td>
         ╵                      ~~~


✘ [ERROR] TS2693: 'number' only refers to a type, but is being used as a value here. [plugin angular-compiler]

    src/app/dashboard-charts.component.ts:56:34:
      56 │               <td>{{ exp.amount | number:'1.2-2' }}</td>
         ╵                                   ~~~~~~


✘ [ERROR] TS1005: ';' expected. [plugin angular-compiler]

    src/app/dashboard-charts.component.ts:56:40:
      56 │               <td>{{ exp.amount | number:'1.2-2' }}</td>
         ╵                                         ^


✘ [ERROR] TS1128: Declaration or statement expected. [plugin angular-compiler]

    src/app/dashboard-charts.component.ts:56:50:
      56 │               <td>{{ exp.amount | number:'1.2-2' }}</td>
         ╵                                                   ^


✘ [ERROR] TS2365: Operator '<' cannot be applied to types 'boolean' and 'RegExp'. [plugin angular-compiler]

    src/app/dashboard-charts.component.ts:56:51:
      56 │               <td>{{ exp.amount | number:'1.2-2' }}</td>
         ╵                                                    ~~~~~


✘ [ERROR] TS2365: Operator '<' cannot be applied to types 'boolean' and 'RegExp'. [plugin angular-compiler]

    src/app/dashboard-charts.component.ts:56:51:
      56 │               <td>{{ exp.amount | number:'1.2-2' }}</td>
         ╵                                                    ~~~~~


✘ [ERROR] TS2365: Operator '<' cannot be applied to types 'boolean' and 'number'. [plugin angular-compiler]

    src/app/dashboard-charts.component.ts:56:51:
      56 │               <td>{{ exp.amount | number:'1.2-2' }}</td>
         ╵                                                    ~~~~~


✘ [ERROR] TS1110: Type expected. [plugin angular-compiler]

    src/app/dashboard-charts.component.ts:56:52:
      56 │               <td>{{ exp.amount | number:'1.2-2' }}</td>
         ╵                                                     ^


✘ [ERROR] TS1161: Unterminated regular expression literal. [plugin angular-compiler]

    src/app/dashboard-charts.component.ts:57:13:
      57 │             </tr>
         ╵              ~~~~


✘ [ERROR] TS1161: Unterminated regular expression literal. [plugin angular-compiler]

    src/app/dashboard-charts.component.ts:58:11:
      58 │           </tbody>
         ╵            ~~~~~~~


✘ [ERROR] TS1161: Unterminated regular expression literal. [plugin angular-compiler]

    src/app/dashboard-charts.component.ts:59:9:
      59 │         </table>
         ╵          ~~~~~~~


✘ [ERROR] TS2304: Cannot find name 'ng'. [plugin angular-compiler]

    src/app/dashboard-charts.component.ts:60:9:
      60 │         <ng-template #noRecent>
         ╵          ~~


✘ [ERROR] TS2304: Cannot find name 'template'. [plugin angular-compiler]

    src/app/dashboard-charts.component.ts:60:12:
      60 │         <ng-template #noRecent>
         ╵             ~~~~~~~~


✘ [ERROR] TS1005: ';' expected. [plugin angular-compiler]

    src/app/dashboard-charts.component.ts:60:21:
      60 │         <ng-template #noRecent>
         ╵                      ~~~~~~~~~


✘ [ERROR] TS2304: Cannot find name 'div'. [plugin angular-compiler]

    src/app/dashboard-charts.component.ts:61:11:
      61 │           <div style="color:#aaa;text-align:center;">No recent exp...
         ╵            ~~~


✘ [ERROR] TS1005: '>' expected. [plugin angular-compiler]

    src/app/dashboard-charts.component.ts:61:15:
      61 │           <div style="color:#aaa;text-align:center;">No recent exp...
         ╵                ~~~~~


✘ [ERROR] TS2304: Cannot find name 'style'. [plugin angular-compiler]

    src/app/dashboard-charts.component.ts:61:15:
      61 │           <div style="color:#aaa;text-align:center;">No recent exp...
         ╵                ~~~~~


✘ [ERROR] TS1005: ';' expected. [plugin angular-compiler]

    src/app/dashboard-charts.component.ts:61:20:
      61 │           <div style="color:#aaa;text-align:center;">No recent exp...
         ╵                     ^


✘ [ERROR] TS2304: Cannot find name 'No'. [plugin angular-compiler]

    src/app/dashboard-charts.component.ts:61:53:
      61 │ ...iv style="color:#aaa;text-align:center;">No recent expenses.</div>
         ╵                                             ~~


✘ [ERROR] TS1005: ';' expected. [plugin angular-compiler]

    src/app/dashboard-charts.component.ts:61:56:
      61 │ ...iv style="color:#aaa;text-align:center;">No recent expenses.</div>
         ╵                                                ~~~~~~


✘ [ERROR] TS2304: Cannot find name 'recent'. [plugin angular-compiler]

    src/app/dashboard-charts.component.ts:61:56:
      61 │ ...iv style="color:#aaa;text-align:center;">No recent expenses.</div>
         ╵                                                ~~~~~~


✘ [ERROR] TS2304: Cannot find name 'expenses'. [plugin angular-compiler]

    src/app/dashboard-charts.component.ts:61:63:
      61 │ ...iv style="color:#aaa;text-align:center;">No recent expenses.</div>
         ╵                                                       ~~~~~~~~


✘ [ERROR] TS2365: Operator '<' cannot be applied to types 'boolean' and 'RegExp'. [plugin angular-compiler]

    src/app/dashboard-charts.component.ts:61:63:
      61 │ ...iv style="color:#aaa;text-align:center;">No recent expenses.</div>
         ╵                                                       ~~~~~~~~~~~~~~~


✘ [ERROR] TS2365: Operator '<' cannot be applied to types 'boolean' and 'RegExp'. [plugin angular-compiler]

    src/app/dashboard-charts.component.ts:61:63:
      61 │ ...iv style="color:#aaa;text-align:center;">No recent expenses.</div>
         ╵                                                       ~~~~~~~~~~~~~~~


✘ [ERROR] TS1003: Identifier expected. [plugin angular-compiler]

    src/app/dashboard-charts.component.ts:61:72:
      61 │ ...iv style="color:#aaa;text-align:center;">No recent expenses.</div>
         ╵                                                                ^


✘ [ERROR] TS1161: Unterminated regular expression literal. [plugin angular-compiler]

    src/app/dashboard-charts.component.ts:61:73:
      61 │ ...iv style="color:#aaa;text-align:center;">No recent expenses.</div>
         ╵                                                                 ~~~~~


✘ [ERROR] TS1161: Unterminated regular expression literal. [plugin angular-compiler]

    src/app/dashboard-charts.component.ts:62:9:
      62 │         </ng-template>
         ╵          ~~~~~~~~~~~~~


✘ [ERROR] TS1161: Unterminated regular expression literal. [plugin angular-compiler]

    src/app/dashboard-charts.component.ts:63:7:
      63 │       </div>
         ╵        ~~~~~


✘ [ERROR] TS1161: Unterminated regular expression literal. [plugin angular-compiler]

    src/app/dashboard-charts.component.ts:64:5:
      64 │     </section>
         ╵      ~~~~~~~~~


✘ [ERROR] TS2349: This expression is not callable.
  Type 'RegExp' has no call signatures. [plugin angular-compiler]

    src/app/dashboard-charts.component.ts:64:5:
      64 │     </section>
         ╵      ~~~~~~~~~


✘ [ERROR] TS1160: Unterminated template literal. [plugin angular-compiler]

    src/app/dashboard-charts.component.ts:139:0:
      139 │ 
          ╵ ^


✘ [ERROR] TS2305: Module '"./dashboard-charts.component"' has no exported member 'DashboardChartsComponent'. [plugin angular-compiler]

    src/app/dashboard.component.ts:4:9:
      4 │ import { DashboardChartsComponent } from './dashboard-charts.compon...
        ╵          ~~~~~~~~~~~~~~~~~~~~~~~~


✘ [ERROR] TS-991010: 'imports' must be an array of components, directives, pipes, or NgModules.
  Value is of type '[CommonModule, (not statically analyzable)]'. [plugin angular-compiler]

    src/app/dashboard.component.ts:10:11:
      10 │   imports: [CommonModule, DashboardChartsComponent],
         ╵            ~~~~~~~~~~~~~~~~~~~~~~~~~~~~~~~~~~~~~~~~


✘ [ERROR] Unterminated regular expression

    src/app/dashboard-charts.component.ts:2:4:
      2 │ /td>
        ╵     ^


❯ Changes detected. Rebuilding...
✔ Changes detected. Rebuilding...
Application bundle generation failed. [0.306 seconds]

✘ [ERROR] Unterminated regular expression

    src/app/dashboard-charts.component.ts:2:4:
      2 │ /td>
        ╵     ^


✘ [ERROR] TS1005: ',' expected. [plugin angular-compiler]

    src/app/dashboard-charts.component.ts:34:50:
      34 │ ...Total Expenses:</b> ${{ summary?.totalExpense | number:'1.2-2' ...
         ╵                                   ~~


✘ [ERROR] TS1005: ',' expected. [plugin angular-compiler]

    src/app/dashboard-charts.component.ts:34:65:
      34 │ ...l Expenses:</b> ${{ summary?.totalExpense | number:'1.2-2' }}</li>
         ╵                                              ^


✘ [ERROR] TS1005: '}' expected. [plugin angular-compiler]

    src/app/dashboard-charts.component.ts:34:73:
      34 │ ...l Expenses:</b> ${{ summary?.totalExpense | number:'1.2-2' }}</li>
         ╵                                                      ^


✘ [ERROR] TS1005: ':' expected. [plugin angular-compiler]

    src/app/dashboard-charts.component.ts:34:82:
      34 │ ...l Expenses:</b> ${{ summary?.totalExpense | number:'1.2-2' }}</li>
         ╵                                                               ^


✘ [ERROR] TS1005: ',' expected. [plugin angular-compiler]

    src/app/dashboard-charts.component.ts:34:83:
      34 │ ...l Expenses:</b> ${{ summary?.totalExpense | number:'1.2-2' }}</li>
         ╵                                                                ^


✘ [ERROR] TS1110: Type expected. [plugin angular-compiler]

    src/app/dashboard-charts.component.ts:34:85:
      34 │ ...l Expenses:</b> ${{ summary?.totalExpense | number:'1.2-2' }}</li>
         ╵                                                                  ^


✘ [ERROR] TS1005: ',' expected. [plugin angular-compiler]

    src/app/dashboard-charts.component.ts:35:24:
      35 │             <li><b>This Month:</b> ${{ summary?.monthlyExpense | n...
         ╵                         ~~~~~


✘ [ERROR] TS1005: ',' expected. [plugin angular-compiler]

    src/app/dashboard-charts.component.ts:35:29:
      35 │             <li><b>This Month:</b> ${{ summary?.monthlyExpense | n...
         ╵                              ^


✘ [ERROR] TS1110: Type expected. [plugin angular-compiler]

    src/app/dashboard-charts.component.ts:35:31:
      35 │             <li><b>This Month:</b> ${{ summary?.monthlyExpense | n...
         ╵                                ^


✘ [ERROR] TS1005: ',' expected. [plugin angular-compiler]

    src/app/dashboard-charts.component.ts:36:29:
      36 │             <li><b>Categories:</b> {{ summary?.categories.length }...
         ╵                              ^


✘ [ERROR] TS1110: Type expected. [plugin angular-compiler]

    src/app/dashboard-charts.component.ts:36:31:
      36 │             <li><b>Categories:</b> {{ summary?.categories.length }...
         ╵                                ^


✘ [ERROR] TS1110: Type expected. [plugin angular-compiler]

    src/app/dashboard-charts.component.ts:37:11:
      37 │           </ul>
         ╵            ^


✘ [ERROR] TS1161: Unterminated regular expression literal. [plugin angular-compiler]

    src/app/dashboard-charts.component.ts:38:9:
      38 │         </div>
         ╵          ~~~~~


✘ [ERROR] TS1161: Unterminated regular expression literal. [plugin angular-compiler]

    src/app/dashboard-charts.component.ts:39:7:
      39 │       </div>
         ╵        ~~~~~


✘ [ERROR] TS1005: ',' expected. [plugin angular-compiler]

    src/app/dashboard-charts.component.ts:40:11:
      40 │       <div style="margin-top:2.5rem;">
         ╵            ~~~~~


✘ [ERROR] TS1005: ',' expected. [plugin angular-compiler]

    src/app/dashboard-charts.component.ts:41:19:
      41 │         <h3>Recent Expenses</h3>
         ╵                    ~~~~~~~~


✘ [ERROR] TS1161: Unterminated regular expression literal. [plugin angular-compiler]

    src/app/dashboard-charts.component.ts:41:28:
      41 │         <h3>Recent Expenses</h3>
         ╵                             ~~~~


✘ [ERROR] TS1005: ',' expected. [plugin angular-compiler]

    src/app/dashboard-charts.component.ts:42:20:
      42 │         <table *ngIf="summary?.recentExpenses?.length; else noRece...
         ╵                     ^


✘ [ERROR] TS1005: ',' expected. [plugin angular-compiler]

    src/app/dashboard-charts.component.ts:42:70:
      42 │ ...mary?.recentExpenses?.length; else noRecent" class="recent-table">
         ╵                                                 ~~~~~


✘ [ERROR] TS1005: '{' expected. [plugin angular-compiler]

    src/app/dashboard-charts.component.ts:42:75:
      42 │ ...mary?.recentExpenses?.length; else noRecent" class="recent-table">
         ╵                                                      ^


✘ [ERROR] TS1161: Unterminated regular expression literal. [plugin angular-compiler]

    src/app/dashboard-charts.component.ts:45:23:
      45 │               <th>Date</th>
         ╵                        ~~~~


✘ [ERROR] TS1161: Unterminated regular expression literal. [plugin angular-compiler]

    src/app/dashboard-charts.component.ts:46:27:
      46 │               <th>Category</th>
         ╵                            ~~~~


✘ [ERROR] TS1161: Unterminated regular expression literal. [plugin angular-compiler]

    src/app/dashboard-charts.component.ts:47:30:
      47 │               <th>Description</th>
         ╵                               ~~~~


✘ [ERROR] TS1161: Unterminated regular expression literal. [plugin angular-compiler]

    src/app/dashboard-charts.component.ts:48:25:
      48 │               <th>Amount</th>
         ╵                          ~~~~


✘ [ERROR] TS1161: Unterminated regular expression literal. [plugin angular-compiler]

    src/app/dashboard-charts.component.ts:49:13:
      49 │             </tr>
         ╵              ~~~~


✘ [ERROR] TS1161: Unterminated regular expression literal. [plugin angular-compiler]

    src/app/dashboard-charts.component.ts:50:11:
      50 │           </thead>
         ╵            ~~~~~~~


✘ [ERROR] TS1005: '>' expected. [plugin angular-compiler]

    src/app/dashboard-charts.component.ts:52:16:
      52 │             <tr *ngFor="let exp of summary?.recentExpenses">
         ╵                 ^


✘ [ERROR] TS1005: ',' expected. [plugin angular-compiler]

    src/app/dashboard-charts.component.ts:52:22:
      52 │             <tr *ngFor="let exp of summary?.recentExpenses">
         ╵                       ^


✘ [ERROR] TS1136: Property assignment expected. [plugin angular-compiler]

    src/app/dashboard-charts.component.ts:53:19:
      53 │               <td>{{ exp.date | date: 'yyyy-MM-dd'}}</td>
         ╵                    ^


✘ [ERROR] TS1005: ',' expected. [plugin angular-compiler]

    src/app/dashboard-charts.component.ts:53:24:
      53 │               <td>{{ exp.date | date: 'yyyy-MM-dd'}}</td>
         ╵                         ^


✘ [ERROR] TS1005: ',' expected. [plugin angular-compiler]

    src/app/dashboard-charts.component.ts:53:36:
      53 │               <td>{{ exp.date | date: 'yyyy-MM-dd'}}</td>
         ╵                                     ^


✘ [ERROR] TS1005: ':' expected. [plugin angular-compiler]

    src/app/dashboard-charts.component.ts:53:50:
      53 │               <td>{{ exp.date | date: 'yyyy-MM-dd'}}</td>
         ╵                                                   ^


✘ [ERROR] TS1005: ',' expected. [plugin angular-compiler]

    src/app/dashboard-charts.component.ts:53:51:
      53 │               <td>{{ exp.date | date: 'yyyy-MM-dd'}}</td>
         ╵                                                    ^


✘ [ERROR] TS1110: Type expected. [plugin angular-compiler]

    src/app/dashboard-charts.component.ts:53:53:
      53 │               <td>{{ exp.date | date: 'yyyy-MM-dd'}}</td>
         ╵                                                      ^


✘ [ERROR] TS1136: Property assignment expected. [plugin angular-compiler]

    src/app/dashboard-charts.component.ts:54:19:
      54 │               <td>{{ categoryName(exp.category) }}</td>
         ╵                    ^


✘ [ERROR] TS1005: ',' expected. [plugin angular-compiler]

    src/app/dashboard-charts.component.ts:54:37:
      54 │               <td>{{ categoryName(exp.category) }}</td>
         ╵                                      ^


✘ [ERROR] TS1005: ',' expected. [plugin angular-compiler]

    src/app/dashboard-charts.component.ts:54:46:
      54 │               <td>{{ categoryName(exp.category) }}</td>
         ╵                                               ^


✘ [ERROR] TS1146: Declaration expected. [plugin angular-compiler]

    src/app/dashboard-charts.component.ts:54:47:
      54 │               <td>{{ categoryName(exp.category) }}</td>
         ╵                                                ^


✘ [ERROR] TS1128: Declaration or statement expected. [plugin angular-compiler]

    src/app/dashboard-charts.component.ts:54:48:
      54 │               <td>{{ categoryName(exp.category) }}</td>
         ╵                                                 ^


✘ [ERROR] TS1128: Declaration or statement expected. [plugin angular-compiler]

    src/app/dashboard-charts.component.ts:54:49:
      54 │               <td>{{ categoryName(exp.category) }}</td>
         ╵                                                  ^


✘ [ERROR] TS2365: Operator '>' cannot be applied to types 'boolean' and '{}'. [plugin angular-compiler]

    src/app/dashboard-charts.component.ts:54:50:
      54 │               <td>{{ categoryName(exp.category) }}</td>
         ╵                                                   ~~~~~


✘ [ERROR] TS1110: Type expected. [plugin angular-compiler]

    src/app/dashboard-charts.component.ts:54:51:
      54 │               <td>{{ categoryName(exp.category) }}</td>
         ╵                                                    ^


✘ [ERROR] TS2304: Cannot find name 'td'. [plugin angular-compiler]

    src/app/dashboard-charts.component.ts:55:15:
      55 │               <td>{{ exp.description }}</td>
         ╵                ~~


✘ [ERROR] TS1136: Property assignment expected. [plugin angular-compiler]

    src/app/dashboard-charts.component.ts:55:19:
      55 │               <td>{{ exp.description }}</td>
         ╵                    ^


✘ [ERROR] TS2304: Cannot find name 'exp'. [plugin angular-compiler]

    src/app/dashboard-charts.component.ts:55:21:
      55 │               <td>{{ exp.description }}</td>
         ╵                      ~~~


✘ [ERROR] TS1128: Declaration or statement expected. [plugin angular-compiler]

    src/app/dashboard-charts.component.ts:55:38:
      55 │               <td>{{ exp.description }}</td>
         ╵                                       ^


✘ [ERROR] TS2365: Operator '>' cannot be applied to types 'boolean' and '{}'. [plugin angular-compiler]

    src/app/dashboard-charts.component.ts:55:39:
      55 │               <td>{{ exp.description }}</td>
         ╵                                        ~~~~~


✘ [ERROR] TS1110: Type expected. [plugin angular-compiler]

    src/app/dashboard-charts.component.ts:55:40:
      55 │               <td>{{ exp.description }}</td>
         ╵                                         ^


✘ [ERROR] TS2304: Cannot find name 'td'. [plugin angular-compiler]

    src/app/dashboard-charts.component.ts:56:15:
      56 │               <td>{{ exp.amount | number:'1.2-2' }}</td>
         ╵                ~~


✘ [ERROR] TS1136: Property assignment expected. [plugin angular-compiler]

    src/app/dashboard-charts.component.ts:56:19:
      56 │               <td>{{ exp.amount | number:'1.2-2' }}</td>
         ╵                    ^


✘ [ERROR] TS2304: Cannot find name 'exp'. [plugin angular-compiler]

    src/app/dashboard-charts.component.ts:56:21:
      56 │               <td>{{ exp.amount | number:'1.2-2' }}</td>
         ╵                      ~~~


✘ [ERROR] TS2693: 'number' only refers to a type, but is being used as a value here. [plugin angular-compiler]

    src/app/dashboard-charts.component.ts:56:34:
      56 │               <td>{{ exp.amount | number:'1.2-2' }}</td>
         ╵                                   ~~~~~~


✘ [ERROR] TS1005: ';' expected. [plugin angular-compiler]

    src/app/dashboard-charts.component.ts:56:40:
      56 │               <td>{{ exp.amount | number:'1.2-2' }}</td>
         ╵                                         ^


✘ [ERROR] TS1128: Declaration or statement expected. [plugin angular-compiler]

    src/app/dashboard-charts.component.ts:56:50:
      56 │               <td>{{ exp.amount | number:'1.2-2' }}</td>
         ╵                                                   ^


✘ [ERROR] TS2365: Operator '<' cannot be applied to types 'boolean' and 'RegExp'. [plugin angular-compiler]

    src/app/dashboard-charts.component.ts:56:51:
      56 │               <td>{{ exp.amount | number:'1.2-2' }}</td>
         ╵                                                    ~~~~~


✘ [ERROR] TS2365: Operator '<' cannot be applied to types 'boolean' and 'RegExp'. [plugin angular-compiler]

    src/app/dashboard-charts.component.ts:56:51:
      56 │               <td>{{ exp.amount | number:'1.2-2' }}</td>
         ╵                                                    ~~~~~


✘ [ERROR] TS2365: Operator '<' cannot be applied to types 'boolean' and 'number'. [plugin angular-compiler]

    src/app/dashboard-charts.component.ts:56:51:
      56 │               <td>{{ exp.amount | number:'1.2-2' }}</td>
         ╵                                                    ~~~~~


✘ [ERROR] TS1110: Type expected. [plugin angular-compiler]

    src/app/dashboard-charts.component.ts:56:52:
      56 │               <td>{{ exp.amount | number:'1.2-2' }}</td>
         ╵                                                     ^


✘ [ERROR] TS1161: Unterminated regular expression literal. [plugin angular-compiler]

    src/app/dashboard-charts.component.ts:57:13:
      57 │             </tr>
         ╵              ~~~~


✘ [ERROR] TS1161: Unterminated regular expression literal. [plugin angular-compiler]

    src/app/dashboard-charts.component.ts:58:11:
      58 │           </tbody>
         ╵            ~~~~~~~


✘ [ERROR] TS1161: Unterminated regular expression literal. [plugin angular-compiler]

    src/app/dashboard-charts.component.ts:59:9:
      59 │         </table>
         ╵          ~~~~~~~


✘ [ERROR] TS2304: Cannot find name 'ng'. [plugin angular-compiler]

    src/app/dashboard-charts.component.ts:60:9:
      60 │         <ng-template #noRecent>
         ╵          ~~


✘ [ERROR] TS2304: Cannot find name 'template'. [plugin angular-compiler]

    src/app/dashboard-charts.component.ts:60:12:
      60 │         <ng-template #noRecent>
         ╵             ~~~~~~~~


✘ [ERROR] TS1005: ';' expected. [plugin angular-compiler]

    src/app/dashboard-charts.component.ts:60:21:
      60 │         <ng-template #noRecent>
         ╵                      ~~~~~~~~~


✘ [ERROR] TS2304: Cannot find name 'div'. [plugin angular-compiler]

    src/app/dashboard-charts.component.ts:61:11:
      61 │           <div style="color:#aaa;text-align:center;">No recent exp...
         ╵            ~~~


✘ [ERROR] TS1005: '>' expected. [plugin angular-compiler]

    src/app/dashboard-charts.component.ts:61:15:
      61 │           <div style="color:#aaa;text-align:center;">No recent exp...
         ╵                ~~~~~


✘ [ERROR] TS2304: Cannot find name 'style'. [plugin angular-compiler]

    src/app/dashboard-charts.component.ts:61:15:
      61 │           <div style="color:#aaa;text-align:center;">No recent exp...
         ╵                ~~~~~


✘ [ERROR] TS1005: ';' expected. [plugin angular-compiler]

    src/app/dashboard-charts.component.ts:61:20:
      61 │           <div style="color:#aaa;text-align:center;">No recent exp...
         ╵                     ^


✘ [ERROR] TS2304: Cannot find name 'No'. [plugin angular-compiler]

    src/app/dashboard-charts.component.ts:61:53:
      61 │ ...iv style="color:#aaa;text-align:center;">No recent expenses.</div>
         ╵                                             ~~


✘ [ERROR] TS1005: ';' expected. [plugin angular-compiler]

    src/app/dashboard-charts.component.ts:61:56:
      61 │ ...iv style="color:#aaa;text-align:center;">No recent expenses.</div>
         ╵                                                ~~~~~~


✘ [ERROR] TS2304: Cannot find name 'recent'. [plugin angular-compiler]

    src/app/dashboard-charts.component.ts:61:56:
      61 │ ...iv style="color:#aaa;text-align:center;">No recent expenses.</div>
         ╵                                                ~~~~~~


✘ [ERROR] TS2304: Cannot find name 'expenses'. [plugin angular-compiler]

    src/app/dashboard-charts.component.ts:61:63:
      61 │ ...iv style="color:#aaa;text-align:center;">No recent expenses.</div>
         ╵                                                       ~~~~~~~~


✘ [ERROR] TS2365: Operator '<' cannot be applied to types 'boolean' and 'RegExp'. [plugin angular-compiler]

    src/app/dashboard-charts.component.ts:61:63:
      61 │ ...iv style="color:#aaa;text-align:center;">No recent expenses.</div>
         ╵                                                       ~~~~~~~~~~~~~~~


✘ [ERROR] TS2365: Operator '<' cannot be applied to types 'boolean' and 'RegExp'. [plugin angular-compiler]

    src/app/dashboard-charts.component.ts:61:63:
      61 │ ...iv style="color:#aaa;text-align:center;">No recent expenses.</div>
         ╵                                                       ~~~~~~~~~~~~~~~


✘ [ERROR] TS1003: Identifier expected. [plugin angular-compiler]

    src/app/dashboard-charts.component.ts:61:72:
      61 │ ...iv style="color:#aaa;text-align:center;">No recent expenses.</div>
         ╵                                                                ^


✘ [ERROR] TS1161: Unterminated regular expression literal. [plugin angular-compiler]

    src/app/dashboard-charts.component.ts:61:73:
      61 │ ...iv style="color:#aaa;text-align:center;">No recent expenses.</div>
         ╵                                                                 ~~~~~


✘ [ERROR] TS1161: Unterminated regular expression literal. [plugin angular-compiler]

    src/app/dashboard-charts.component.ts:62:9:
      62 │         </ng-template>
         ╵          ~~~~~~~~~~~~~


✘ [ERROR] TS1161: Unterminated regular expression literal. [plugin angular-compiler]

    src/app/dashboard-charts.component.ts:63:7:
      63 │       </div>
         ╵        ~~~~~


✘ [ERROR] TS1161: Unterminated regular expression literal. [plugin angular-compiler]

    src/app/dashboard-charts.component.ts:64:5:
      64 │     </section>
         ╵      ~~~~~~~~~


✘ [ERROR] TS2349: This expression is not callable.
  Type 'RegExp' has no call signatures. [plugin angular-compiler]

    src/app/dashboard-charts.component.ts:64:5:
      64 │     </section>
         ╵      ~~~~~~~~~


✘ [ERROR] TS1160: Unterminated template literal. [plugin angular-compiler]

    src/app/dashboard-charts.component.ts:139:0:
      139 │ 
          ╵ ^


✘ [ERROR] TS2305: Module '"./dashboard-charts.component"' has no exported member 'DashboardChartsComponent'. [plugin angular-compiler]

    src/app/dashboard.component.ts:4:9:
      4 │ import { DashboardChartsComponent } from './dashboard-charts.compon...
        ╵          ~~~~~~~~~~~~~~~~~~~~~~~~


✘ [ERROR] TS-991010: 'imports' must be an array of components, directives, pipes, or NgModules.
  Value is of type '[CommonModule, (not statically analyzable)]'. [plugin angular-compiler]

    src/app/dashboard.component.ts:10:11:
      10 │   imports: [CommonModule, DashboardChartsComponent],
         ╵            ~~~~~~~~~~~~~~~~~~~~~~~~~~~~~~~~~~~~~~~~


✘ [ERROR] Unterminated regular expression

    src/app/dashboard-charts.component.ts:2:4:
      2 │ /td>
        ╵     ^


❯ Changes detected. Rebuilding...
✔ Changes detected. Rebuilding...
Application bundle generation failed. [0.703 seconds]

▲ [WARNING] NG8107: The left side of this optional chain operation does not include 'null' or 'undefined' in its type, therefore the '?.' operator can be replaced with the '.' operator. [plugin angular-compiler]

    src/app/dashboard-charts.component.ts:34:51:
      34 │ ...Expenses:</b> {{ summary?.totalExpense | currency:'USD':'symbol...
         ╵                              ~~~~~~~~~~~~


▲ [WARNING] NG8107: The left side of this optional chain operation does not include 'null' or 'undefined' in its type, therefore the '?.' operator can be replaced with the '.' operator. [plugin angular-compiler]

    src/app/dashboard-charts.component.ts:35:47:
      35 │ ...s Month:</b> {{ summary?.monthlyExpense | currency:'USD':'symbo...
         ╵                             ~~~~~~~~~~~~~~


▲ [WARNING] NG8107: The left side of this optional chain operation does not include 'null' or 'undefined' in its type, therefore the '?.' operator can be replaced with the '.' operator. [plugin angular-compiler]

    src/app/dashboard-charts.component.ts:36:47:
      36 │ ...      <li><b>Categories:</b> {{ summary?.categories.length }}</li>
         ╵                                             ~~~~~~~~~~


✘ [ERROR] NG2: Object is possibly 'undefined'. [plugin angular-compiler]

    src/app/dashboard-charts.component.ts:36:58:
      36 │ ...      <li><b>Categories:</b> {{ summary?.categories.length }}</li>
         ╵                                                        ~~~~~~


✘ [ERROR] TS-991010: 'imports' must be an array of components, directives, pipes, or NgModules.
  Value is of type '[CommonModule, (not statically analyzable)]'. [plugin angular-compiler]

    src/app/dashboard.component.ts:10:11:
      10 │   imports: [CommonModule, DashboardChartsComponent],
         ╵            ~~~~~~~~~~~~~~~~~~~~~~~~~~~~~~~~~~~~~~~~


❯ Changes detected. Rebuilding...
✔ Changes detected. Rebuilding...
Application bundle generation failed. [0.705 seconds]

▲ [WARNING] NG8107: The left side of this optional chain operation does not include 'null' or 'undefined' in its type, therefore the '?.' operator can be replaced with the '.' operator. [plugin angular-compiler]

    src/app/dashboard-charts.component.ts:34:51:
      34 │ ...Expenses:</b> {{ summary?.totalExpense | currency:'USD':'symbol...
         ╵                              ~~~~~~~~~~~~


▲ [WARNING] NG8107: The left side of this optional chain operation does not include 'null' or 'undefined' in its type, therefore the '?.' operator can be replaced with the '.' operator. [plugin angular-compiler]

    src/app/dashboard-charts.component.ts:35:47:
      35 │ ...s Month:</b> {{ summary?.monthlyExpense | currency:'USD':'symbo...
         ╵                             ~~~~~~~~~~~~~~


▲ [WARNING] NG8107: The left side of this optional chain operation does not include 'null' or 'undefined' in its type, therefore the '?.' operator can be replaced with the '.' operator. [plugin angular-compiler]

    src/app/dashboard-charts.component.ts:36:47:
      36 │ ...      <li><b>Categories:</b> {{ summary?.categories.length }}</li>
         ╵                                             ~~~~~~~~~~


✘ [ERROR] NG2: Object is possibly 'undefined'. [plugin angular-compiler]

    src/app/dashboard-charts.component.ts:36:58:
      36 │ ...      <li><b>Categories:</b> {{ summary?.categories.length }}</li>
         ╵                                                        ~~~~~~


✘ [ERROR] TS-991010: 'imports' must be an array of components, directives, pipes, or NgModules.
  Value is of type '[CommonModule, (not statically analyzable)]'. [plugin angular-compiler]

    src/app/dashboard.component.ts:10:11:
      10 │   imports: [CommonModule, DashboardChartsComponent],
         ╵            ~~~~~~~~~~~~~~~~~~~~~~~~~~~~~~~~~~~~~~~~


❯ Changes detected. Rebuilding...
✔ Changes detected. Rebuilding...
Application bundle generation failed. [0.712 seconds]

▲ [WARNING] NG8107: The left side of this optional chain operation does not include 'null' or 'undefined' in its type, therefore the '?.' operator can be replaced with the '.' operator. [plugin angular-compiler]

    src/app/dashboard-charts.component.ts:34:51:
      34 │ ...Expenses:</b> {{ summary?.totalExpense | currency:'USD':'symbol...
         ╵                              ~~~~~~~~~~~~


▲ [WARNING] NG8107: The left side of this optional chain operation does not include 'null' or 'undefined' in its type, therefore the '?.' operator can be replaced with the '.' operator. [plugin angular-compiler]

    src/app/dashboard-charts.component.ts:35:47:
      35 │ ...s Month:</b> {{ summary?.monthlyExpense | currency:'USD':'symbo...
         ╵                             ~~~~~~~~~~~~~~


▲ [WARNING] NG8107: The left side of this optional chain operation does not include 'null' or 'undefined' in its type, therefore the '?.' operator can be replaced with the '.' operator. [plugin angular-compiler]

    src/app/dashboard-charts.component.ts:36:47:
      36 │ ...      <li><b>Categories:</b> {{ summary?.categories.length }}</li>
         ╵                                             ~~~~~~~~~~


✘ [ERROR] TS2339: Property 'api' does not exist on type 'CategoriesComponent'. [plugin angular-compiler]

    src/app/categories.component.ts:36:9:
      36 │     this.api.getCategories().subscribe(cats => {
         ╵          ~~~


✘ [ERROR] TS7006: Parameter 'cats' implicitly has an 'any' type. [plugin angular-compiler]

    src/app/categories.component.ts:36:39:
      36 │     this.api.getCategories().subscribe(cats => {
         ╵                                        ~~~~


✘ [ERROR] TS2339: Property 'api' does not exist on type 'CategoriesComponent'. [plugin angular-compiler]

    src/app/categories.component.ts:42:9:
      42 │     this.api.createCategory(data).subscribe(() => this.loadCategor...
         ╵          ~~~


✘ [ERROR] TS2339: Property 'api' does not exist on type 'CategoriesComponent'. [plugin angular-compiler]

    src/app/categories.component.ts:46:9:
      46 │     this.api.updateCategory(id, data).subscribe(() => this.loadCat...
         ╵          ~~~


✘ [ERROR] TS2339: Property 'api' does not exist on type 'CategoriesComponent'. [plugin angular-compiler]

    src/app/categories.component.ts:49:9:
      49 │     this.api.deleteCategory(cat.id).subscribe(() => this.loadCateg...
         ╵          ~~~


✘ [ERROR] NG2: Object is possibly 'undefined'. [plugin angular-compiler]

    src/app/dashboard-charts.component.ts:36:58:
      36 │ ...      <li><b>Categories:</b> {{ summary?.categories.length }}</li>
         ╵                                                        ~~~~~~


✘ [ERROR] TS-991010: 'imports' must be an array of components, directives, pipes, or NgModules.
  Value is of type '[CommonModule, (not statically analyzable)]'. [plugin angular-compiler]

    src/app/dashboard.component.ts:10:11:
      10 │   imports: [CommonModule, DashboardChartsComponent],
         ╵            ~~~~~~~~~~~~~~~~~~~~~~~~~~~~~~~~~~~~~~~~


❯ Changes detected. Rebuilding...
✔ Changes detected. Rebuilding...
Application bundle generation failed. [0.185 seconds]

▲ [WARNING] NG8107: The left side of this optional chain operation does not include 'null' or 'undefined' in its type, therefore the '?.' operator can be replaced with the '.' operator. [plugin angular-compiler]

    src/app/dashboard-charts.component.ts:34:51:
      34 │ ...Expenses:</b> {{ summary?.totalExpense | currency:'USD':'symbol...
         ╵                              ~~~~~~~~~~~~


▲ [WARNING] NG8107: The left side of this optional chain operation does not include 'null' or 'undefined' in its type, therefore the '?.' operator can be replaced with the '.' operator. [plugin angular-compiler]

    src/app/dashboard-charts.component.ts:35:47:
      35 │ ...s Month:</b> {{ summary?.monthlyExpense | currency:'USD':'symbo...
         ╵                             ~~~~~~~~~~~~~~


▲ [WARNING] NG8107: The left side of this optional chain operation does not include 'null' or 'undefined' in its type, therefore the '?.' operator can be replaced with the '.' operator. [plugin angular-compiler]

    src/app/dashboard-charts.component.ts:36:47:
      36 │ ...      <li><b>Categories:</b> {{ summary?.categories.length }}</li>
         ╵                                             ~~~~~~~~~~


✘ [ERROR] TS2339: Property 'api' does not exist on type 'CategoriesComponent'. [plugin angular-compiler]

    src/app/categories.component.ts:36:9:
      36 │     this.api.getCategories().subscribe(cats => {
         ╵          ~~~


✘ [ERROR] TS7006: Parameter 'cats' implicitly has an 'any' type. [plugin angular-compiler]

    src/app/categories.component.ts:36:39:
      36 │     this.api.getCategories().subscribe(cats => {
         ╵                                        ~~~~


✘ [ERROR] TS2339: Property 'api' does not exist on type 'CategoriesComponent'. [plugin angular-compiler]

    src/app/categories.component.ts:42:9:
      42 │     this.api.createCategory(data).subscribe(() => this.loadCategor...
         ╵          ~~~


✘ [ERROR] TS2339: Property 'api' does not exist on type 'CategoriesComponent'. [plugin angular-compiler]

    src/app/categories.component.ts:46:9:
      46 │     this.api.updateCategory(id, data).subscribe(() => this.loadCat...
         ╵          ~~~


✘ [ERROR] TS2339: Property 'api' does not exist on type 'CategoriesComponent'. [plugin angular-compiler]

    src/app/categories.component.ts:49:9:
      49 │     this.api.deleteCategory(cat.id).subscribe(() => this.loadCateg...
         ╵          ~~~


✘ [ERROR] NG2: Object is possibly 'undefined'. [plugin angular-compiler]

    src/app/dashboard-charts.component.ts:36:58:
      36 │ ...      <li><b>Categories:</b> {{ summary?.categories.length }}</li>
         ╵                                                        ~~~~~~


✘ [ERROR] TS2339: Property 'api' does not exist on type 'ExpensesComponent'. [plugin angular-compiler]

    src/app/expenses.component.ts:48:9:
      48 │     this.api.getCategories().subscribe(cats => { this.categories =...
         ╵          ~~~


✘ [ERROR] TS7006: Parameter 'cats' implicitly has an 'any' type. [plugin angular-compiler]

    src/app/expenses.component.ts:48:39:
      48 │ ...api.getCategories().subscribe(cats => { this.categories = cats;...
         ╵                                  ~~~~


✘ [ERROR] TS2339: Property 'api' does not exist on type 'ExpensesComponent'. [plugin angular-compiler]

    src/app/expenses.component.ts:49:9:
      49 │     this.api.getExpenses().subscribe(items => {
         ╵          ~~~


✘ [ERROR] TS7006: Parameter 'items' implicitly has an 'any' type. [plugin angular-compiler]

    src/app/expenses.component.ts:49:37:
      49 │     this.api.getExpenses().subscribe(items => {
         ╵                                      ~~~~~


✘ [ERROR] TS2339: Property 'api' does not exist on type 'ExpensesComponent'. [plugin angular-compiler]

    src/app/expenses.component.ts:68:11:
      68 │       this.api.updateExpense(this.editingExpense.id, data).subscri...
         ╵            ~~~


✘ [ERROR] TS2339: Property 'api' does not exist on type 'ExpensesComponent'. [plugin angular-compiler]

    src/app/expenses.component.ts:73:11:
      73 │       this.api.createExpense(data).subscribe(() => {
         ╵            ~~~


✘ [ERROR] TS2339: Property 'api' does not exist on type 'ExpensesComponent'. [plugin angular-compiler]

    src/app/expenses.component.ts:80:9:
      80 │     this.api.deleteExpense(exp.id).subscribe(() => this.loadEveryt...
         ╵          ~~~


❯ Changes detected. Rebuilding...
✔ Changes detected. Rebuilding...
Application bundle generation failed. [0.203 seconds]

▲ [WARNING] NG8107: The left side of this optional chain operation does not include 'null' or 'undefined' in its type, therefore the '?.' operator can be replaced with the '.' operator. [plugin angular-compiler]

    src/app/dashboard-charts.component.ts:34:51:
      34 │ ...Expenses:</b> {{ summary?.totalExpense | currency:'USD':'symbol...
         ╵                              ~~~~~~~~~~~~


▲ [WARNING] NG8107: The left side of this optional chain operation does not include 'null' or 'undefined' in its type, therefore the '?.' operator can be replaced with the '.' operator. [plugin angular-compiler]

    src/app/dashboard-charts.component.ts:35:47:
      35 │ ...s Month:</b> {{ summary?.monthlyExpense | currency:'USD':'symbo...
         ╵                             ~~~~~~~~~~~~~~


▲ [WARNING] NG8107: The left side of this optional chain operation does not include 'null' or 'undefined' in its type, therefore the '?.' operator can be replaced with the '.' operator. [plugin angular-compiler]

    src/app/dashboard-charts.component.ts:36:47:
      36 │ ...      <li><b>Categories:</b> {{ summary?.categories.length }}</li>
         ╵                                             ~~~~~~~~~~


✘ [ERROR] TS2339: Property 'api' does not exist on type 'CategoriesComponent'. [plugin angular-compiler]

    src/app/categories.component.ts:36:9:
      36 │     this.api.getCategories().subscribe(cats => {
         ╵          ~~~


✘ [ERROR] TS7006: Parameter 'cats' implicitly has an 'any' type. [plugin angular-compiler]

    src/app/categories.component.ts:36:39:
      36 │     this.api.getCategories().subscribe(cats => {
         ╵                                        ~~~~


✘ [ERROR] TS2339: Property 'api' does not exist on type 'CategoriesComponent'. [plugin angular-compiler]

    src/app/categories.component.ts:42:9:
      42 │     this.api.createCategory(data).subscribe(() => this.loadCategor...
         ╵          ~~~


✘ [ERROR] TS2339: Property 'api' does not exist on type 'CategoriesComponent'. [plugin angular-compiler]

    src/app/categories.component.ts:46:9:
      46 │     this.api.updateCategory(id, data).subscribe(() => this.loadCat...
         ╵          ~~~


✘ [ERROR] TS2339: Property 'api' does not exist on type 'CategoriesComponent'. [plugin angular-compiler]

    src/app/categories.component.ts:49:9:
      49 │     this.api.deleteCategory(cat.id).subscribe(() => this.loadCateg...
         ╵          ~~~


✘ [ERROR] NG2: Object is possibly 'undefined'. [plugin angular-compiler]

    src/app/dashboard-charts.component.ts:36:58:
      36 │ ...      <li><b>Categories:</b> {{ summary?.categories.length }}</li>
         ╵                                                        ~~~~~~


✘ [ERROR] TS2339: Property 'api' does not exist on type 'DashboardComponent'. [plugin angular-compiler]

    src/app/dashboard.component.ts:29:9:
      29 │     this.api.getDashboardSummary().subscribe({
         ╵          ~~~


✘ [ERROR] TS7006: Parameter 'data' implicitly has an 'any' type. [plugin angular-compiler]

    src/app/dashboard.component.ts:30:13:
      30 │       next: (data) => {
         ╵              ~~~~


✘ [ERROR] TS2339: Property 'api' does not exist on type 'ExpensesComponent'. [plugin angular-compiler]

    src/app/expenses.component.ts:48:9:
      48 │     this.api.getCategories().subscribe(cats => { this.categories =...
         ╵          ~~~


✘ [ERROR] TS7006: Parameter 'cats' implicitly has an 'any' type. [plugin angular-compiler]

    src/app/expenses.component.ts:48:39:
      48 │ ...api.getCategories().subscribe(cats => { this.categories = cats;...
         ╵                                  ~~~~


✘ [ERROR] TS2339: Property 'api' does not exist on type 'ExpensesComponent'. [plugin angular-compiler]

    src/app/expenses.component.ts:49:9:
      49 │     this.api.getExpenses().subscribe(items => {
         ╵          ~~~


✘ [ERROR] TS7006: Parameter 'items' implicitly has an 'any' type. [plugin angular-compiler]

    src/app/expenses.component.ts:49:37:
      49 │     this.api.getExpenses().subscribe(items => {
         ╵                                      ~~~~~


✘ [ERROR] TS2339: Property 'api' does not exist on type 'ExpensesComponent'. [plugin angular-compiler]

    src/app/expenses.component.ts:68:11:
      68 │       this.api.updateExpense(this.editingExpense.id, data).subscri...
         ╵            ~~~


✘ [ERROR] TS2339: Property 'api' does not exist on type 'ExpensesComponent'. [plugin angular-compiler]

    src/app/expenses.component.ts:73:11:
      73 │       this.api.createExpense(data).subscribe(() => {
         ╵            ~~~


✘ [ERROR] TS2339: Property 'api' does not exist on type 'ExpensesComponent'. [plugin angular-compiler]

    src/app/expenses.component.ts:80:9:
      80 │     this.api.deleteExpense(exp.id).subscribe(() => this.loadEveryt...
         ╵          ~~~


❯ Changes detected. Rebuilding...
✔ Changes detected. Rebuilding...
Application bundle generation failed. [0.231 seconds]

▲ [WARNING] NG8107: The left side of this optional chain operation does not include 'null' or 'undefined' in its type, therefore the '?.' operator can be replaced with the '.' operator. [plugin angular-compiler]

    src/app/dashboard-charts.component.ts:34:51:
      34 │ ...Expenses:</b> {{ summary?.totalExpense | currency:'USD':'symbol...
         ╵                              ~~~~~~~~~~~~


▲ [WARNING] NG8107: The left side of this optional chain operation does not include 'null' or 'undefined' in its type, therefore the '?.' operator can be replaced with the '.' operator. [plugin angular-compiler]

    src/app/dashboard-charts.component.ts:35:47:
      35 │ ...s Month:</b> {{ summary?.monthlyExpense | currency:'USD':'symbo...
         ╵                             ~~~~~~~~~~~~~~


▲ [WARNING] NG8107: The left side of this optional chain operation does not include 'null' or 'undefined' in its type, therefore the '?.' operator can be replaced with the '.' operator. [plugin angular-compiler]

    src/app/dashboard-charts.component.ts:36:47:
      36 │ ...      <li><b>Categories:</b> {{ summary?.categories.length }}</li>
         ╵                                             ~~~~~~~~~~


✘ [ERROR] TS2339: Property 'api' does not exist on type 'CategoriesComponent'. [plugin angular-compiler]

    src/app/categories.component.ts:36:9:
      36 │     this.api.getCategories().subscribe(cats => {
         ╵          ~~~


✘ [ERROR] TS7006: Parameter 'cats' implicitly has an 'any' type. [plugin angular-compiler]

    src/app/categories.component.ts:36:39:
      36 │     this.api.getCategories().subscribe(cats => {
         ╵                                        ~~~~


✘ [ERROR] TS2339: Property 'api' does not exist on type 'CategoriesComponent'. [plugin angular-compiler]

    src/app/categories.component.ts:42:9:
      42 │     this.api.createCategory(data).subscribe(() => this.loadCategor...
         ╵          ~~~


✘ [ERROR] TS2339: Property 'api' does not exist on type 'CategoriesComponent'. [plugin angular-compiler]

    src/app/categories.component.ts:46:9:
      46 │     this.api.updateCategory(id, data).subscribe(() => this.loadCat...
         ╵          ~~~


✘ [ERROR] TS2339: Property 'api' does not exist on type 'CategoriesComponent'. [plugin angular-compiler]

    src/app/categories.component.ts:49:9:
      49 │     this.api.deleteCategory(cat.id).subscribe(() => this.loadCateg...
         ╵          ~~~


✘ [ERROR] NG2: Object is possibly 'undefined'. [plugin angular-compiler]

    src/app/dashboard-charts.component.ts:36:58:
      36 │ ...      <li><b>Categories:</b> {{ summary?.categories.length }}</li>
         ╵                                                        ~~~~~~


✘ [ERROR] TS2339: Property 'api' does not exist on type 'ExpensesComponent'. [plugin angular-compiler]

    src/app/expenses.component.ts:48:9:
      48 │     this.api.getCategories().subscribe(cats => { this.categories =...
         ╵          ~~~


✘ [ERROR] TS7006: Parameter 'cats' implicitly has an 'any' type. [plugin angular-compiler]

    src/app/expenses.component.ts:48:39:
      48 │ ...api.getCategories().subscribe(cats => { this.categories = cats;...
         ╵                                  ~~~~


✘ [ERROR] TS2339: Property 'api' does not exist on type 'ExpensesComponent'. [plugin angular-compiler]

    src/app/expenses.component.ts:49:9:
      49 │     this.api.getExpenses().subscribe(items => {
         ╵          ~~~


✘ [ERROR] TS7006: Parameter 'items' implicitly has an 'any' type. [plugin angular-compiler]

    src/app/expenses.component.ts:49:37:
      49 │     this.api.getExpenses().subscribe(items => {
         ╵                                      ~~~~~


✘ [ERROR] TS2339: Property 'api' does not exist on type 'ExpensesComponent'. [plugin angular-compiler]

    src/app/expenses.component.ts:68:11:
      68 │       this.api.updateExpense(this.editingExpense.id, data).subscri...
         ╵            ~~~


✘ [ERROR] TS2339: Property 'api' does not exist on type 'ExpensesComponent'. [plugin angular-compiler]

    src/app/expenses.component.ts:73:11:
      73 │       this.api.createExpense(data).subscribe(() => {
         ╵            ~~~


✘ [ERROR] TS2339: Property 'api' does not exist on type 'ExpensesComponent'. [plugin angular-compiler]

    src/app/expenses.component.ts:80:9:
      80 │     this.api.deleteExpense(exp.id).subscribe(() => this.loadEveryt...
         ╵          ~~~


❯ Changes detected. Rebuilding...
✔ Changes detected. Rebuilding...
Application bundle generation failed. [0.538 seconds]

▲ [WARNING] NG8107: The left side of this optional chain operation does not include 'null' or 'undefined' in its type, therefore the '?.' operator can be replaced with the '.' operator. [plugin angular-compiler]

    src/app/dashboard-charts.component.ts:34:51:
      34 │ ...Expenses:</b> {{ summary?.totalExpense | currency:'USD':'symbol...
         ╵                              ~~~~~~~~~~~~


▲ [WARNING] NG8107: The left side of this optional chain operation does not include 'null' or 'undefined' in its type, therefore the '?.' operator can be replaced with the '.' operator. [plugin angular-compiler]

    src/app/dashboard-charts.component.ts:35:47:
      35 │ ...s Month:</b> {{ summary?.monthlyExpense | currency:'USD':'symbo...
         ╵                             ~~~~~~~~~~~~~~


▲ [WARNING] NG8107: The left side of this optional chain operation does not include 'null' or 'undefined' in its type, therefore the '?.' operator can be replaced with the '.' operator. [plugin angular-compiler]

    src/app/dashboard-charts.component.ts:36:47:
      36 │ ...      <li><b>Categories:</b> {{ summary?.categories.length }}</li>
         ╵                                             ~~~~~~~~~~


✘ [ERROR] TS2339: Property 'api' does not exist on type 'CategoriesComponent'. [plugin angular-compiler]

    src/app/categories.component.ts:36:9:
      36 │     this.api.getCategories().subscribe(cats => {
         ╵          ~~~


✘ [ERROR] TS7006: Parameter 'cats' implicitly has an 'any' type. [plugin angular-compiler]

    src/app/categories.component.ts:36:39:
      36 │     this.api.getCategories().subscribe(cats => {
         ╵                                        ~~~~


✘ [ERROR] TS2339: Property 'api' does not exist on type 'CategoriesComponent'. [plugin angular-compiler]

    src/app/categories.component.ts:42:9:
      42 │     this.api.createCategory(data).subscribe(() => this.loadCategor...
         ╵          ~~~


✘ [ERROR] TS2339: Property 'api' does not exist on type 'CategoriesComponent'. [plugin angular-compiler]

    src/app/categories.component.ts:46:9:
      46 │     this.api.updateCategory(id, data).subscribe(() => this.loadCat...
         ╵          ~~~


✘ [ERROR] TS2339: Property 'api' does not exist on type 'CategoriesComponent'. [plugin angular-compiler]

    src/app/categories.component.ts:49:9:
      49 │     this.api.deleteCategory(cat.id).subscribe(() => this.loadCateg...
         ╵          ~~~


✘ [ERROR] NG2: Object is possibly 'undefined'. [plugin angular-compiler]

    src/app/dashboard-charts.component.ts:36:58:
      36 │ ...      <li><b>Categories:</b> {{ summary?.categories.length }}</li>
         ╵                                                        ~~~~~~


✘ [ERROR] TS2339: Property 'api' does not exist on type 'ExpensesComponent'. [plugin angular-compiler]

    src/app/expenses.component.ts:48:9:
      48 │     this.api.getCategories().subscribe(cats => { this.categories =...
         ╵          ~~~


✘ [ERROR] TS7006: Parameter 'cats' implicitly has an 'any' type. [plugin angular-compiler]

    src/app/expenses.component.ts:48:39:
      48 │ ...api.getCategories().subscribe(cats => { this.categories = cats;...
         ╵                                  ~~~~


✘ [ERROR] TS2339: Property 'api' does not exist on type 'ExpensesComponent'. [plugin angular-compiler]

    src/app/expenses.component.ts:49:9:
      49 │     this.api.getExpenses().subscribe(items => {
         ╵          ~~~


✘ [ERROR] TS7006: Parameter 'items' implicitly has an 'any' type. [plugin angular-compiler]

    src/app/expenses.component.ts:49:37:
      49 │     this.api.getExpenses().subscribe(items => {
         ╵                                      ~~~~~


✘ [ERROR] TS2339: Property 'api' does not exist on type 'ExpensesComponent'. [plugin angular-compiler]

    src/app/expenses.component.ts:68:11:
      68 │       this.api.updateExpense(this.editingExpense.id, data).subscri...
         ╵            ~~~


✘ [ERROR] TS2339: Property 'api' does not exist on type 'ExpensesComponent'. [plugin angular-compiler]

    src/app/expenses.component.ts:73:11:
      73 │       this.api.createExpense(data).subscribe(() => {
         ╵            ~~~


✘ [ERROR] TS2339: Property 'api' does not exist on type 'ExpensesComponent'. [plugin angular-compiler]

    src/app/expenses.component.ts:80:9:
      80 │     this.api.deleteExpense(exp.id).subscribe(() => this.loadEveryt...
         ╵          ~~~


❯ Changes detected. Rebuilding...
✔ Changes detected. Rebuilding...
Application bundle generation failed. [0.684 seconds]

▲ [WARNING] NG8107: The left side of this optional chain operation does not include 'null' or 'undefined' in its type, therefore the '?.' operator can be replaced with the '.' operator. [plugin angular-compiler]

    src/app/dashboard-charts.component.ts:34:51:
      34 │ ...Expenses:</b> {{ summary?.totalExpense | currency:'USD':'symbol...
         ╵                              ~~~~~~~~~~~~


▲ [WARNING] NG8107: The left side of this optional chain operation does not include 'null' or 'undefined' in its type, therefore the '?.' operator can be replaced with the '.' operator. [plugin angular-compiler]

    src/app/dashboard-charts.component.ts:35:47:
      35 │ ...s Month:</b> {{ summary?.monthlyExpense | currency:'USD':'symbo...
         ╵                             ~~~~~~~~~~~~~~


▲ [WARNING] NG8107: The left side of this optional chain operation does not include 'null' or 'undefined' in its type, therefore the '?.' operator can be replaced with the '.' operator. [plugin angular-compiler]

    src/app/dashboard-charts.component.ts:36:47:
      36 │ ...      <li><b>Categories:</b> {{ summary?.categories.length }}</li>
         ╵                                             ~~~~~~~~~~


✘ [ERROR] TS2339: Property 'api' does not exist on type 'CategoriesComponent'. [plugin angular-compiler]

    src/app/categories.component.ts:36:9:
      36 │     this.api.getCategories().subscribe(cats => {
         ╵          ~~~


✘ [ERROR] TS7006: Parameter 'cats' implicitly has an 'any' type. [plugin angular-compiler]

    src/app/categories.component.ts:36:39:
      36 │     this.api.getCategories().subscribe(cats => {
         ╵                                        ~~~~


✘ [ERROR] TS2339: Property 'api' does not exist on type 'CategoriesComponent'. [plugin angular-compiler]

    src/app/categories.component.ts:42:9:
      42 │     this.api.createCategory(data).subscribe(() => this.loadCategor...
         ╵          ~~~


✘ [ERROR] TS2339: Property 'api' does not exist on type 'CategoriesComponent'. [plugin angular-compiler]

    src/app/categories.component.ts:46:9:
      46 │     this.api.updateCategory(id, data).subscribe(() => this.loadCat...
         ╵          ~~~


✘ [ERROR] TS2339: Property 'api' does not exist on type 'CategoriesComponent'. [plugin angular-compiler]

    src/app/categories.component.ts:49:9:
      49 │     this.api.deleteCategory(cat.id).subscribe(() => this.loadCateg...
         ╵          ~~~


✘ [ERROR] NG2: Object is possibly 'undefined'. [plugin angular-compiler]

    src/app/dashboard-charts.component.ts:36:58:
      36 │ ...      <li><b>Categories:</b> {{ summary?.categories.length }}</li>
         ╵                                                        ~~~~~~


✘ [ERROR] TS2339: Property 'api' does not exist on type 'ExpensesComponent'. [plugin angular-compiler]

    src/app/expenses.component.ts:48:9:
      48 │     this.api.getCategories().subscribe(cats => { this.categories =...
         ╵          ~~~


✘ [ERROR] TS7006: Parameter 'cats' implicitly has an 'any' type. [plugin angular-compiler]

    src/app/expenses.component.ts:48:39:
      48 │ ...api.getCategories().subscribe(cats => { this.categories = cats;...
         ╵                                  ~~~~


✘ [ERROR] TS2339: Property 'api' does not exist on type 'ExpensesComponent'. [plugin angular-compiler]

    src/app/expenses.component.ts:49:9:
      49 │     this.api.getExpenses().subscribe(items => {
         ╵          ~~~


✘ [ERROR] TS7006: Parameter 'items' implicitly has an 'any' type. [plugin angular-compiler]

    src/app/expenses.component.ts:49:37:
      49 │     this.api.getExpenses().subscribe(items => {
         ╵                                      ~~~~~


✘ [ERROR] TS2339: Property 'api' does not exist on type 'ExpensesComponent'. [plugin angular-compiler]

    src/app/expenses.component.ts:68:11:
      68 │       this.api.updateExpense(this.editingExpense.id, data).subscri...
         ╵            ~~~


✘ [ERROR] TS2339: Property 'api' does not exist on type 'ExpensesComponent'. [plugin angular-compiler]

    src/app/expenses.component.ts:73:11:
      73 │       this.api.createExpense(data).subscribe(() => {
         ╵            ~~~


✘ [ERROR] TS2339: Property 'api' does not exist on type 'ExpensesComponent'. [plugin angular-compiler]

    src/app/expenses.component.ts:80:9:
      80 │     this.api.deleteExpense(exp.id).subscribe(() => this.loadEveryt...
         ╵          ~~~


❯ Changes detected. Rebuilding...
✔ Changes detected. Rebuilding...
Application bundle generation failed. [0.161 seconds]

▲ [WARNING] NG8107: The left side of this optional chain operation does not include 'null' or 'undefined' in its type, therefore the '?.' operator can be replaced with the '.' operator. [plugin angular-compiler]

    src/app/dashboard-charts.component.ts:34:51:
      34 │ ...Expenses:</b> {{ summary?.totalExpense | currency:'USD':'symbol...
         ╵                              ~~~~~~~~~~~~


▲ [WARNING] NG8107: The left side of this optional chain operation does not include 'null' or 'undefined' in its type, therefore the '?.' operator can be replaced with the '.' operator. [plugin angular-compiler]

    src/app/dashboard-charts.component.ts:35:47:
      35 │ ...s Month:</b> {{ summary?.monthlyExpense | currency:'USD':'symbo...
         ╵                             ~~~~~~~~~~~~~~


▲ [WARNING] NG8107: The left side of this optional chain operation does not include 'null' or 'undefined' in its type, therefore the '?.' operator can be replaced with the '.' operator. [plugin angular-compiler]

    src/app/dashboard-charts.component.ts:36:47:
      36 │ ...      <li><b>Categories:</b> {{ summary?.categories.length }}</li>
         ╵                                             ~~~~~~~~~~


✘ [ERROR] TS2339: Property 'api' does not exist on type 'CategoriesComponent'. [plugin angular-compiler]

    src/app/categories.component.ts:36:9:
      36 │     this.api.getCategories().subscribe(cats => {
         ╵          ~~~


✘ [ERROR] TS7006: Parameter 'cats' implicitly has an 'any' type. [plugin angular-compiler]

    src/app/categories.component.ts:36:39:
      36 │     this.api.getCategories().subscribe(cats => {
         ╵                                        ~~~~


✘ [ERROR] TS2339: Property 'api' does not exist on type 'CategoriesComponent'. [plugin angular-compiler]

    src/app/categories.component.ts:42:9:
      42 │     this.api.createCategory(data).subscribe(() => this.loadCategor...
         ╵          ~~~


✘ [ERROR] TS2339: Property 'api' does not exist on type 'CategoriesComponent'. [plugin angular-compiler]

    src/app/categories.component.ts:46:9:
      46 │     this.api.updateCategory(id, data).subscribe(() => this.loadCat...
         ╵          ~~~


✘ [ERROR] TS2339: Property 'api' does not exist on type 'CategoriesComponent'. [plugin angular-compiler]

    src/app/categories.component.ts:49:9:
      49 │     this.api.deleteCategory(cat.id).subscribe(() => this.loadCateg...
         ╵          ~~~


✘ [ERROR] NG2: Object is possibly 'undefined'. [plugin angular-compiler]

    src/app/dashboard-charts.component.ts:36:58:
      36 │ ...      <li><b>Categories:</b> {{ summary?.categories.length }}</li>
         ╵                                                        ~~~~~~


✘ [ERROR] TS2339: Property 'api' does not exist on type 'ExpensesComponent'. [plugin angular-compiler]

    src/app/expenses.component.ts:48:9:
      48 │     this.api.getCategories().subscribe(cats => { this.categories =...
         ╵          ~~~


✘ [ERROR] TS7006: Parameter 'cats' implicitly has an 'any' type. [plugin angular-compiler]

    src/app/expenses.component.ts:48:39:
      48 │ ...api.getCategories().subscribe(cats => { this.categories = cats;...
         ╵                                  ~~~~


✘ [ERROR] TS2339: Property 'api' does not exist on type 'ExpensesComponent'. [plugin angular-compiler]

    src/app/expenses.component.ts:49:9:
      49 │     this.api.getExpenses().subscribe(items => {
         ╵          ~~~


✘ [ERROR] TS7006: Parameter 'items' implicitly has an 'any' type. [plugin angular-compiler]

    src/app/expenses.component.ts:49:37:
      49 │     this.api.getExpenses().subscribe(items => {
         ╵                                      ~~~~~


✘ [ERROR] TS2339: Property 'api' does not exist on type 'ExpensesComponent'. [plugin angular-compiler]

    src/app/expenses.component.ts:68:11:
      68 │       this.api.updateExpense(this.editingExpense.id, data).subscri...
         ╵            ~~~


✘ [ERROR] TS2339: Property 'api' does not exist on type 'ExpensesComponent'. [plugin angular-compiler]

    src/app/expenses.component.ts:73:11:
      73 │       this.api.createExpense(data).subscribe(() => {
         ╵            ~~~


✘ [ERROR] TS2339: Property 'api' does not exist on type 'ExpensesComponent'. [plugin angular-compiler]

    src/app/expenses.component.ts:80:9:
      80 │     this.api.deleteExpense(exp.id).subscribe(() => this.loadEveryt...
         ╵          ~~~


❯ Changes detected. Rebuilding...
✔ Changes detected. Rebuilding...
Application bundle generation failed. [0.200 seconds]

▲ [WARNING] NG8107: The left side of this optional chain operation does not include 'null' or 'undefined' in its type, therefore the '?.' operator can be replaced with the '.' operator. [plugin angular-compiler]

    src/app/dashboard-charts.component.ts:34:51:
      34 │ ...Expenses:</b> {{ summary?.totalExpense | currency:'USD':'symbol...
         ╵                              ~~~~~~~~~~~~


▲ [WARNING] NG8107: The left side of this optional chain operation does not include 'null' or 'undefined' in its type, therefore the '?.' operator can be replaced with the '.' operator. [plugin angular-compiler]

    src/app/dashboard-charts.component.ts:35:47:
      35 │ ...s Month:</b> {{ summary?.monthlyExpense | currency:'USD':'symbo...
         ╵                             ~~~~~~~~~~~~~~


▲ [WARNING] NG8107: The left side of this optional chain operation does not include 'null' or 'undefined' in its type, therefore the '?.' operator can be replaced with the '.' operator. [plugin angular-compiler]

    src/app/dashboard-charts.component.ts:36:47:
      36 │ ...      <li><b>Categories:</b> {{ summary?.categories.length }}</li>
         ╵                                             ~~~~~~~~~~


✘ [ERROR] TS2339: Property 'api' does not exist on type 'CategoriesComponent'. [plugin angular-compiler]

    src/app/categories.component.ts:36:9:
      36 │     this.api.getCategories().subscribe(cats => {
         ╵          ~~~


✘ [ERROR] TS7006: Parameter 'cats' implicitly has an 'any' type. [plugin angular-compiler]

    src/app/categories.component.ts:36:39:
      36 │     this.api.getCategories().subscribe(cats => {
         ╵                                        ~~~~


✘ [ERROR] TS2339: Property 'api' does not exist on type 'CategoriesComponent'. [plugin angular-compiler]

    src/app/categories.component.ts:42:9:
      42 │     this.api.createCategory(data).subscribe(() => this.loadCategor...
         ╵          ~~~


✘ [ERROR] TS2339: Property 'api' does not exist on type 'CategoriesComponent'. [plugin angular-compiler]

    src/app/categories.component.ts:46:9:
      46 │     this.api.updateCategory(id, data).subscribe(() => this.loadCat...
         ╵          ~~~


✘ [ERROR] TS2339: Property 'api' does not exist on type 'CategoriesComponent'. [plugin angular-compiler]

    src/app/categories.component.ts:49:9:
      49 │     this.api.deleteCategory(cat.id).subscribe(() => this.loadCateg...
         ╵          ~~~


✘ [ERROR] NG2: Object is possibly 'undefined'. [plugin angular-compiler]

    src/app/dashboard-charts.component.ts:36:58:
      36 │ ...      <li><b>Categories:</b> {{ summary?.categories.length }}</li>
         ╵                                                        ~~~~~~


✘ [ERROR] TS2339: Property 'api' does not exist on type 'ExpensesComponent'. [plugin angular-compiler]

    src/app/expenses.component.ts:48:9:
      48 │     this.api.getCategories().subscribe(cats => { this.categories =...
         ╵          ~~~


✘ [ERROR] TS7006: Parameter 'cats' implicitly has an 'any' type. [plugin angular-compiler]

    src/app/expenses.component.ts:48:39:
      48 │ ...api.getCategories().subscribe(cats => { this.categories = cats;...
         ╵                                  ~~~~


✘ [ERROR] TS2339: Property 'api' does not exist on type 'ExpensesComponent'. [plugin angular-compiler]

    src/app/expenses.component.ts:49:9:
      49 │     this.api.getExpenses().subscribe(items => {
         ╵          ~~~


✘ [ERROR] TS7006: Parameter 'items' implicitly has an 'any' type. [plugin angular-compiler]

    src/app/expenses.component.ts:49:37:
      49 │     this.api.getExpenses().subscribe(items => {
         ╵                                      ~~~~~


✘ [ERROR] TS2339: Property 'api' does not exist on type 'ExpensesComponent'. [plugin angular-compiler]

    src/app/expenses.component.ts:68:11:
      68 │       this.api.updateExpense(this.editingExpense.id, data).subscri...
         ╵            ~~~


✘ [ERROR] TS2339: Property 'api' does not exist on type 'ExpensesComponent'. [plugin angular-compiler]

    src/app/expenses.component.ts:73:11:
      73 │       this.api.createExpense(data).subscribe(() => {
         ╵            ~~~


✘ [ERROR] TS2339: Property 'api' does not exist on type 'ExpensesComponent'. [plugin angular-compiler]

    src/app/expenses.component.ts:80:9:
      80 │     this.api.deleteExpense(exp.id).subscribe(() => this.loadEveryt...
         ╵          ~~~


❯ Changes detected. Rebuilding...
✔ Changes detected. Rebuilding...
Application bundle generation failed. [0.197 seconds]

▲ [WARNING] NG8107: The left side of this optional chain operation does not include 'null' or 'undefined' in its type, therefore the '?.' operator can be replaced with the '.' operator. [plugin angular-compiler]

    src/app/dashboard-charts.component.ts:34:51:
      34 │ ...Expenses:</b> {{ summary?.totalExpense | currency:'USD':'symbol...
         ╵                              ~~~~~~~~~~~~


▲ [WARNING] NG8107: The left side of this optional chain operation does not include 'null' or 'undefined' in its type, therefore the '?.' operator can be replaced with the '.' operator. [plugin angular-compiler]

    src/app/dashboard-charts.component.ts:35:47:
      35 │ ...s Month:</b> {{ summary?.monthlyExpense | currency:'USD':'symbo...
         ╵                             ~~~~~~~~~~~~~~


▲ [WARNING] NG8107: The left side of this optional chain operation does not include 'null' or 'undefined' in its type, therefore the '?.' operator can be replaced with the '.' operator. [plugin angular-compiler]

    src/app/dashboard-charts.component.ts:36:47:
      36 │ ...      <li><b>Categories:</b> {{ summary?.categories.length }}</li>
         ╵                                             ~~~~~~~~~~


✘ [ERROR] NG2: Object is possibly 'undefined'. [plugin angular-compiler]

    src/app/dashboard-charts.component.ts:36:58:
      36 │ ...      <li><b>Categories:</b> {{ summary?.categories.length }}</li>
         ╵                                                        ~~~~~~


✘ [ERROR] TS2339: Property 'api' does not exist on type 'ExpensesComponent'. [plugin angular-compiler]

    src/app/expenses.component.ts:48:9:
      48 │     this.api.getCategories().subscribe(cats => { this.categories =...
         ╵          ~~~


✘ [ERROR] TS7006: Parameter 'cats' implicitly has an 'any' type. [plugin angular-compiler]

    src/app/expenses.component.ts:48:39:
      48 │ ...api.getCategories().subscribe(cats => { this.categories = cats;...
         ╵                                  ~~~~


✘ [ERROR] TS2339: Property 'api' does not exist on type 'ExpensesComponent'. [plugin angular-compiler]

    src/app/expenses.component.ts:49:9:
      49 │     this.api.getExpenses().subscribe(items => {
         ╵          ~~~


✘ [ERROR] TS7006: Parameter 'items' implicitly has an 'any' type. [plugin angular-compiler]

    src/app/expenses.component.ts:49:37:
      49 │     this.api.getExpenses().subscribe(items => {
         ╵                                      ~~~~~


✘ [ERROR] TS2339: Property 'api' does not exist on type 'ExpensesComponent'. [plugin angular-compiler]

    src/app/expenses.component.ts:68:11:
      68 │       this.api.updateExpense(this.editingExpense.id, data).subscri...
         ╵            ~~~


✘ [ERROR] TS2339: Property 'api' does not exist on type 'ExpensesComponent'. [plugin angular-compiler]

    src/app/expenses.component.ts:73:11:
      73 │       this.api.createExpense(data).subscribe(() => {
         ╵            ~~~


✘ [ERROR] TS2339: Property 'api' does not exist on type 'ExpensesComponent'. [plugin angular-compiler]

    src/app/expenses.component.ts:80:9:
      80 │     this.api.deleteExpense(exp.id).subscribe(() => this.loadEveryt...
         ╵          ~~~


❯ Changes detected. Rebuilding...
✔ Changes detected. Rebuilding...
Application bundle generation failed. [0.191 seconds]

▲ [WARNING] NG8107: The left side of this optional chain operation does not include 'null' or 'undefined' in its type, therefore the '?.' operator can be replaced with the '.' operator. [plugin angular-compiler]

    src/app/dashboard-charts.component.ts:34:51:
      34 │ ...Expenses:</b> {{ summary?.totalExpense | currency:'USD':'symbol...
         ╵                              ~~~~~~~~~~~~


▲ [WARNING] NG8107: The left side of this optional chain operation does not include 'null' or 'undefined' in its type, therefore the '?.' operator can be replaced with the '.' operator. [plugin angular-compiler]

    src/app/dashboard-charts.component.ts:35:47:
      35 │ ...s Month:</b> {{ summary?.monthlyExpense | currency:'USD':'symbo...
         ╵                             ~~~~~~~~~~~~~~


▲ [WARNING] NG8107: The left side of this optional chain operation does not include 'null' or 'undefined' in its type, therefore the '?.' operator can be replaced with the '.' operator. [plugin angular-compiler]

    src/app/dashboard-charts.component.ts:36:47:
      36 │ ...      <li><b>Categories:</b> {{ summary?.categories.length }}</li>
         ╵                                             ~~~~~~~~~~


✘ [ERROR] NG2: Object is possibly 'undefined'. [plugin angular-compiler]

    src/app/dashboard-charts.component.ts:36:58:
      36 │ ...      <li><b>Categories:</b> {{ summary?.categories.length }}</li>
         ╵                                                        ~~~~~~


❯ Changes detected. Rebuilding...
✔ Changes detected. Rebuilding...
Browser bundles     
Initial chunk files  | Names            |  Raw size
polyfills.js         | polyfills        |  90.20 kB | 
main.js              | main             |  58.05 kB | 
styles.css           | styles           |   2.12 kB | 

                     | Initial total    | 150.37 kB


Server bundles      
Initial chunk files  | Names            |  Raw size
polyfills.server.mjs | polyfills.server | 572.91 kB | 
chunk-DU4ZL5GV.mjs   | -                |  58.56 kB | 
server.mjs           | server           |   1.39 kB | 
main.server.mjs      | main.server      | 800 bytes | 

Application bundle generation complete. [0.331 seconds]

▲ [WARNING] NG8107: The left side of this optional chain operation does not include 'null' or 'undefined' in its type, therefore the '?.' operator can be replaced with the '.' operator. [plugin angular-compiler]

    src/app/dashboard-charts.component.ts:34:51:
      34 │ ...Expenses:</b> {{ summary?.totalExpense | currency:'USD':'symbol...
         ╵                              ~~~~~~~~~~~~


▲ [WARNING] NG8107: The left side of this optional chain operation does not include 'null' or 'undefined' in its type, therefore the '?.' operator can be replaced with the '.' operator. [plugin angular-compiler]

    src/app/dashboard-charts.component.ts:35:47:
      35 │ ...s Month:</b> {{ summary?.monthlyExpense | currency:'USD':'symbo...
         ╵                             ~~~~~~~~~~~~~~


▲ [WARNING] NG8107: The left side of this optional chain operation does not include 'null' or 'undefined' in its type, therefore the '?.' operator can be replaced with the '.' operator. [plugin angular-compiler]

    src/app/dashboard-charts.component.ts:36:47:
      36 │ ...<li><b>Categories:</b> {{ summary?.categories?.length || 0 }}</li>
         ╵                                       ~~~~~~~~~~


10:03:48 AM [vite] (ssr) ✨ new dependencies optimized: ng2-charts
10:03:48 AM [vite] (ssr) ✨ optimized dependencies changed. reloading
Page reload sent to client(s).
❯ Changes detected. Rebuilding...
✔ Changes detected. Rebuilding...
Browser bundles    
Initial chunk files | Names       |  Raw size
main.js             | main        |  57.88 kB | 


Server bundles     
Initial chunk files | Names       |  Raw size
chunk-ZQZWAGBS.mjs  | -           |  58.39 kB | 
server.mjs          | server      |   1.39 kB | 
main.server.mjs     | main.server | 800 bytes | 

Application bundle generation complete. [0.818 seconds]

▲ [WARNING] NG8107: The left side of this optional chain operation does not include 'null' or 'undefined' in its type, therefore the '?.' operator can be replaced with the '.' operator. [plugin angular-compiler]

    src/app/dashboard-charts.component.ts:34:51:
      34 │ ...Expenses:</b> {{ summary?.totalExpense | currency:'USD':'symbol...
         ╵                              ~~~~~~~~~~~~


▲ [WARNING] NG8107: The left side of this optional chain operation does not include 'null' or 'undefined' in its type, therefore the '?.' operator can be replaced with the '.' operator. [plugin angular-compiler]

    src/app/dashboard-charts.component.ts:35:47:
      35 │ ...s Month:</b> {{ summary?.monthlyExpense | currency:'USD':'symbo...
         ╵                             ~~~~~~~~~~~~~~


▲ [WARNING] NG8107: The left side of this optional chain operation does not include 'null' or 'undefined' in its type, therefore the '?.' operator can be replaced with the '.' operator. [plugin angular-compiler]

    src/app/dashboard-charts.component.ts:36:47:
      36 │ ...<li><b>Categories:</b> {{ summary?.categories?.length || 0 }}</li>
         ╵                                       ~~~~~~~~~~


Page reload sent to client(s).
❯ Changes detected. Rebuilding...
